Id,Target
0,4553.638338628196
1,3961.912548174141
2,851.2664146779543
3,322.2290409369816
4,362.3450027469221
5,851.2664146779543
6,420.2294722231636
7,420.2294722231636
8,-9717.987101701548
9,3299.316331278335
10,1325.2197917254487
11,4347.641064300025
12,10402.155077976824
13,851.2664146779543
14,322.2290409369816
15,322.2290409369816
16,322.2290409369816
17,5342.459287520333
18,380.11351041322314
19,687.6554064222687
20,3259.2003694683945
21,3593.493445950476
22,2285.3646844031614
23,24939.18965220151
24,851.2664146779543
25,322.2290409369816
26,-4097.848662592822
27,851.2664146779543
28,380.11351041322314
29,-1927.0299046844966
30,687.6554064222687
31,3259.2003694683945
32,1119.222517397279
33,5730.450988029028
34,4002.0285099840817
35,851.2664146779543
36,322.2290409369816
37,322.2290409369816
38,322.2290409369816
39,380.11351041322314
40,380.11351041322314
41,2955.929060647296
42,3505.3136056065046
43,7273.82082934421
44,8233.965722021925
45,-797.2922201985022
46,891.3823764878948
47,362.3450027469221
48,362.3450027469221
49,362.3450027469221
50,420.2294722231636
51,-2669.808402733228
52,2996.0450224572364
53,3299.316331278335
54,1119.222517397279
55,2325.480646213102
56,7682.355893377816
57,891.3823764878948
58,362.3450027469221
59,362.3450027469221
60,362.3450027469221
61,11185.008336376768
62,420.2294722231636
63,2996.0450224572364
64,3220.78271828879
65,1119.222517397279
66,8027.9684476937555
67,7682.355893377816
68,891.3823764878948
69,4209.1978621031885
70,-12435.309231797966
71,362.3450027469221
72,420.2294722231636
73,420.2294722231636
74,2996.0450224572364
75,3220.78271828879
76,3387.4961716223065
77,2079.367410074993
78,7682.355893377816
79,-5437.639044259866
80,362.3450027469221
81,362.3450027469221
82,362.3450027469221
83,420.2294722231636
84,420.2294722231636
85,2996.0450224572364
86,952.509064063763
87,1119.222517397279
88,8274.081683831866
89,7682.355893377816
90,891.3823764878948
91,362.3450027469221
92,362.3450027469221
93,13018.683285768846
94,420.2294722231636
95,420.2294722231636
96,727.7713682322092
97,3220.78271828879
98,3387.4961716223065
99,2325.480646213102
100,28593.89933564139
101,891.3823764878948
102,362.3450027469221
103,362.3450027469221
104,420.2294722231636
105,420.2294722231636
106,727.7713682322092
107,952.509064063763
108,1119.222517397279
109,-8491.045895341244
110,1733.7548557590535
111,891.3823764878948
112,362.3450027469221
113,362.3450027469221
114,362.3450027469221
115,420.2294722231636
116,420.2294722231636
117,727.7713682322092
118,3220.78271828879
119,1119.222517397279
120,-11345.87992323069
121,1733.7548557590535
122,-916.0869396709456
123,362.3450027469221
124,362.3450027469221
125,362.3450027469221
126,420.2294722231636
127,420.2294722231636
128,727.7713682322092
129,3220.78271828879
130,3633.6094077604166
131,8027.9684476937555
132,12684.654930424109
133,891.3823764878948
134,-1167.5091818024139
135,-7251.411720880717
136,362.3450027469221
137,420.2294722231636
138,420.2294722231636
139,2996.0450224572364
140,952.509064063763
141,3387.4961716223065
142,8027.9684476937555
143,1733.7548557590535
144,-7882.639025722367
145,362.3450027469221
146,362.3450027469221
147,362.3450027469221
148,420.2294722231636
149,-2524.176480615189
150,727.7713682322092
151,-11166.282248441461
152,3633.6094077604166
153,2079.367410074993
154,7529.838279088851
155,891.3823764878948
156,362.3450027469221
157,-14566.107400481545
158,420.2294722231636
159,420.2294722231636
160,727.7713682322092
161,952.509064063763
162,3633.6094077604166
163,2325.480646213102
164,7682.355893377816
165,891.3823764878948
166,362.3450027469221
167,362.3450027469221
168,362.3450027469221
169,420.2294722231636
170,420.2294722231636
171,2996.0450224572364
172,3220.78271828879
173,1365.3357535353891
174,2325.480646213102
175,3005.453292234431
176,891.3823764878948
177,23687.718439299755
178,362.3450027469221
179,-2920.811971038757
180,420.2294722231636
181,420.2294722231636
182,727.7713682322092
183,952.509064063763
184,3633.6094077604166
185,8274.081683831866
186,7682.355893377816
187,891.3823764878948
188,362.3450027469221
189,362.3450027469221
190,362.3450027469221
191,420.2294722231636
192,420.2294722231636
193,727.7713682322092
194,3220.78271828879
195,1119.222517397279
196,8274.081683831866
197,7682.355893377816
198,891.3823764878948
199,-4549.712816862344
200,362.3450027469221
201,420.2294722231636
202,420.2294722231636
203,727.7713682322092
204,3545.429567416445
205,7067.82355501604
206,8027.9684476937555
207,7682.355893377816
208,977.9783983009922
209,448.9410245600197
210,448.9410245600197
211,448.9410245600197
212,506.8254940362612
213,506.8254940362612
214,814.3673900453068
215,1117.638698866405
216,1365.3357535353891
217,11249.838111631412
218,7682.355893377816
219,977.9783983009922
220,448.9410245600197
221,448.9410245600197
222,448.9410245600197
223,506.8254940362612
224,506.8254940362612
225,814.3673900453068
226,7066.239736485167
227,22708.173249417247
228,2165.96343188809
229,1820.3508775721511
230,-5740.450874875788
231,448.9410245600197
232,448.9410245600197
233,-16786.56511790868
234,506.8254940362612
235,506.8254940362612
236,2996.0450224572364
237,7312.352972623277
238,14496.761353736567
239,11249.838111631412
240,-13436.75250383089
241,891.3823764878948
242,448.9410245600197
243,448.9410245600197
244,448.9410245600197
245,506.8254940362612
246,420.2294722231636
247,3082.641044270334
248,3988.019332685127
249,7400.532812967248
250,11003.724875493303
251,1820.3508775721511
252,3331.3932671445727
253,448.9410245600197
254,448.9410245600197
255,448.9410245600197
256,506.8254940362612
257,506.8254940362612
258,3082.641044270334
259,7225.75695081018
260,1451.9317753484868
261,2412.0766680261995
262,7768.9519151909135
263,977.9783983009922
264,362.3450027469221
265,448.9410245600197
266,362.3450027469221
267,506.8254940362612
268,506.8254940362612
269,3082.641044270334
270,7066.239736485167
271,1365.3357535353891
272,11249.838111631412
273,10658.11232117736
274,-6699.392523778541
275,448.9410245600197
276,448.9410245600197
277,448.9410245600197
278,506.8254940362612
279,420.2294722231636
280,3082.641044270334
281,1363.7519350045152
282,7400.532812967248
283,11003.724875493303
284,1820.3508775721511
285,977.9783983009922
286,448.9410245600197
287,2503.425152252196
288,362.3450027469221
289,506.8254940362612
290,-9740.397791279116
291,19008.260926412826
292,1363.7519350045152
293,7400.532812967248
294,11003.724875493303
295,10658.11232117736
296,30157.851261148327
297,7779.703903931695
298,5022.252513598762
299,448.9410245600197
300,506.8254940362612
301,506.8254940362612
302,3082.641044270334
303,1117.638698866405
304,7400.532812967248
305,11163.242089818314
306,1820.3508775721511
307,977.9783983009922
308,448.9410245600197
309,448.9410245600197
310,448.9410245600197
311,420.2294722231636
312,506.8254940362612
313,3082.641044270334
314,1363.7519350045152
315,33890.39569923141
316,11003.724875493303
317,1820.3508775721511
318,16726.00693859062
319,448.9410245600197
320,448.9410245600197
321,448.9410245600197
322,-28295.418803194247
323,506.8254940362612
324,814.3673900453068
325,7066.239736485167
326,10289.693218953696
327,2412.0766680261995
328,10658.11232117736
329,977.9783983009922
330,448.9410245600197
331,448.9410245600197
332,448.9410245600197
333,420.2294722231636
334,506.8254940362612
335,814.3673900453068
336,7312.352972623277
337,10289.693218953696
338,2165.96343188809
339,10571.51629936426
340,977.9783983009922
341,448.9410245600197
342,448.9410245600197
343,448.9410245600197
344,506.8254940362612
345,420.2294722231636
346,727.7713682322092
347,7312.352972623277
348,10043.579982815587
349,2412.0766680261995
350,2966.6195120380403
351,977.9783983009922
352,448.9410245600197
353,448.9410245600197
354,-12898.172917526987
355,506.8254940362612
356,506.8254940362612
357,814.3673900453068
358,7066.239736485167
359,10289.693218953696
360,2412.0766680261995
361,10658.11232117736
362,977.9783983009922
363,448.9410245600197
364,448.9410245600197
365,448.9410245600197
366,506.8254940362612
367,2775.099148261289
368,3082.641044270334
369,1363.7519350045152
370,10043.579982815587
371,-12086.057954662647
372,1820.3508775721511
373,-5802.949849687955
374,362.3450027469221
375,362.3450027469221
376,-4689.754692733831
377,420.2294722231636
378,420.2294722231636
379,727.7713682322092
380,952.509064063763
381,3387.4961716223065
382,2325.480646213102
383,1733.7548557590535
384,891.3823764878948
385,362.3450027469221
386,362.3450027469221
387,-9918.456052154921
388,420.2294722231636
389,420.2294722231636
390,727.7713682322092
391,3220.78271828879
392,3387.4961716223065
393,-18365.21978975395
394,4002.0285099840817
395,891.3823764878948
396,362.3450027469221
397,362.3450027469221
398,362.3450027469221
399,420.2294722231636
400,420.2294722231636
401,727.7713682322092
402,3220.78271828879
403,3387.4961716223065
404,4347.641064300025
405,4002.0285099840817
406,891.3823764878948
407,362.3450027469221
408,362.3450027469221
409,362.3450027469221
410,420.2294722231636
411,420.2294722231636
412,727.7713682322092
413,3220.78271828879
414,19.395677207398666
415,-9191.054851267267
416,24476.50600313475
417,891.3823764878948
418,362.3450027469221
419,362.3450027469221
420,362.3450027469221
421,420.2294722231636
422,420.2294722231636
423,727.7713682322092
424,952.509064063763
425,3387.4961716223065
426,2325.480646213102
427,4002.0285099840817
428,891.3823764878948
429,-2186.7865822744093
430,362.3450027469221
431,362.3450027469221
432,420.2294722231636
433,420.2294722231636
434,727.7713682322092
435,3220.78271828879
436,1119.222517397279
437,2079.367410074993
438,4002.0285099840817
439,891.3823764878948
440,362.3450027469221
441,362.3450027469221
442,362.3450027469221
443,-19268.744393644283
444,420.2294722231636
445,727.7713682322092
446,952.509064063763
447,1119.222517397279
448,2079.367410074993
449,4002.0285099840817
450,891.3823764878948
451,362.3450027469221
452,362.3450027469221
453,362.3450027469221
454,420.2294722231636
455,420.2294722231636
456,727.7713682322092
457,3220.78271828879
458,3387.4961716223065
459,4593.754300438136
460,7682.355893377816
461,891.3823764878948
462,362.3450027469221
463,362.3450027469221
464,362.3450027469221
465,8918.1812601589
466,420.2294722231636
467,727.7713682322092
468,-2718.308653954581
469,1119.222517397279
470,4347.641064300025
471,5680.325993103302
472,18924.47748809784
473,362.3450027469221
474,362.3450027469221
475,362.3450027469221
476,420.2294722231636
477,420.2294722231636
478,-7932.650130313016
479,3220.78271828879
480,1119.222517397279
481,4347.641064300025
482,7682.355893377816
483,891.3823764878948
484,362.3450027469221
485,362.3450027469221
486,15874.112000316787
487,420.2294722231636
488,420.2294722231636
489,727.7713682322092
490,952.509064063763
491,3387.4961716223065
492,4347.641064300025
493,7682.355893377816
494,891.3823764878948
495,362.3450027469221
496,362.3450027469221
497,-6870.856986523729
498,420.2294722231636
499,420.2294722231636
500,727.7713682322092
501,-467.3457946109109
502,3387.4961716223065
503,4593.754300438136
504,1733.7548557590535
505,27918.48082836863
506,362.3450027469221
507,362.3450027469221
508,362.3450027469221
509,420.2294722231636
510,420.2294722231636
511,727.7713682322092
512,952.509064063763
513,1058.095829821411
514,4593.754300438136
515,7682.355893377816
516,891.3823764878948
517,362.3450027469221
518,362.3450027469221
519,362.3450027469221
520,420.2294722231636
521,420.2294722231636
522,727.7713682322092
523,3220.78271828879
524,1365.3357535353891
525,4347.641064300025
526,7682.355893377816
527,891.3823764878948
528,362.3450027469221
529,362.3450027469221
530,3049.4203337524946
531,420.2294722231636
532,420.2294722231636
533,8351.45711052041
534,7686.4675211476315
535,1365.3357535353891
536,2079.367410074993
537,1733.7548557590535
538,-6550.169598945868
539,362.3450027469221
540,362.3450027469221
541,322.2290409369816
542,380.11351041322314
543,380.11351041322314
544,10260.989250239309
545,3347.380209812366
546,1079.1065555873386
547,1790.562718406019
548,3715.799312036031
549,929.8000276674991
550,322.2290409369816
551,322.2290409369816
552,322.2290409369816
553,420.2294722231636
554,380.11351041322314
555,9971.692449952818
556,3347.380209812366
557,1079.1065555873386
558,4058.8363726310467
559,1447.525657811003
560,929.8000276674991
561,-6773.129312748196
562,322.2290409369816
563,322.2290409369816
564,420.2294722231636
565,380.11351041322314
566,687.6554064222687
567,-5490.720788831751
568,3387.4961716223065
569,1790.562718406019
570,4595.076565647882
571,929.8000276674991
572,322.2290409369816
573,322.2290409369816
574,362.3450027469221
575,380.11351041322314
576,380.11351041322314
577,-2978.249751887792
578,990.9267152433671
579,1079.1065555873386
580,3997.709685055178
581,1447.525657811003
582,929.8000276674991
583,322.2290409369816
584,5660.443825440878
585,322.2290409369816
586,4388.161412607674
587,380.11351041322314
588,727.7713682322092
589,1093.333064805905
590,3347.380209812366
591,4058.8363726310467
592,3715.799312036031
593,851.2664146779543
594,322.2290409369816
595,322.2290409369816
596,-2903.5625666194765
597,380.11351041322314
598,-2998.5219719412985
599,687.6554064222687
600,3347.380209812366
601,1079.1065555873386
602,1790.562718406019
603,4595.076565647882
604,851.2664146779543
605,322.2290409369816
606,322.2290409369816
607,322.2290409369816
608,380.11351041322314
609,420.2294722231636
610,687.6554064222687
611,1119.222517397279
612,1079.1065555873386
613,1790.562718406019
614,3715.799312036031
615,929.8000276674991
616,322.2290409369816
617,322.2290409369816
618,362.3450027469221
619,380.11351041322314
620,380.11351041322314
621,-6880.5823391862905
622,3347.380209812366
623,1119.222517397279
624,4058.8363726310467
625,1891.3391302052903
626,-5045.139219482555
627,322.2290409369816
628,322.2290409369816
629,322.2290409369816
630,380.11351041322314
631,420.2294722231636
632,727.7713682322092
633,7454.969988619456
634,3347.380209812366
635,4058.8363726310467
636,1447.525657811003
637,851.2664146779543
638,322.2290409369816
639,322.2290409369816
640,322.2290409369816
641,380.11351041322314
642,1506.9003288083247
643,687.6554064222687
644,1119.222517397279
645,1119.222517397279
646,1790.562718406019
647,3715.799312036031
648,851.2664146779543
649,322.2290409369816
650,322.2290409369816
651,851.2664146779543
652,380.11351041322314
653,420.2294722231636
654,687.6554064222687
655,21414.278820499534
656,3387.4961716223065
657,12713.489377560483
658,3961.912548174141
659,969.9159894774396
660,362.3450027469221
661,322.2290409369816
662,322.2290409369816
663,380.11351041322314
664,420.2294722231636
665,727.7713682322092
666,3347.380209812366
667,3347.380209812366
668,-478.9794111221588
669,1447.525657811003
670,-3683.7120216651642
671,322.2290409369816
672,322.2290409369816
673,322.2290409369816
674,380.11351041322314
675,380.11351041322314
676,31574.37119972157
677,3347.380209812366
678,1079.1065555873386
679,4058.8363726310467
680,1541.1212796601487
681,929.8000276674991
682,322.2290409369816
683,13795.158708403547
684,322.2290409369816
685,380.11351041322314
686,380.11351041322314
687,687.6554064222687
688,3347.380209812366
689,3387.4961716223065
690,4058.8363726310467
691,-3609.5346151973963
692,851.2664146779543
693,11413.711540705704
694,322.2290409369816
695,322.2290409369816
696,380.11351041322314
697,380.11351041322314
698,766.1890194118135
699,3387.4961716223065
700,1119.222517397279
701,4304.9496087691605
702,1447.525657811003
703,891.3823764878948
704,362.3450027469221
705,-4253.666892570649
706,362.3450027469221
707,420.2294722231636
708,420.2294722231636
709,727.7713682322092
710,1031.0426770533074
711,1365.3357535353891
712,8027.9684476937555
713,4002.0285099840817
714,891.3823764878948
715,362.3450027469221
716,362.3450027469221
717,362.3450027469221
718,-10856.726632760512
719,420.2294722231636
720,727.7713682322092
721,3299.316331278335
722,3633.6094077604166
723,2079.367410074993
724,1733.7548557590535
725,891.3823764878948
726,362.3450027469221
727,362.3450027469221
728,362.3450027469221
729,420.2294722231636
730,420.2294722231636
731,951.9145936439782
732,3299.316331278335
733,3633.6094077604166
734,8274.081683831866
735,4635.192527457822
736,891.3823764878948
737,362.3450027469221
738,362.3450027469221
739,362.3450027469221
740,420.2294722231636
741,420.2294722231636
742,7763.597427267979
743,1031.0426770533074
744,3633.6094077604166
745,8274.081683831866
746,34287.1780688462
747,891.3823764878948
748,362.3450027469221
749,362.3450027469221
750,362.3450027469221
751,420.2294722231636
752,420.2294722231636
753,727.7713682322092
754,1031.0426770533074
755,3633.6094077604166
756,-20570.016687756528
757,1733.7548557590535
758,891.3823764878948
759,362.3450027469221
760,362.3450027469221
761,362.3450027469221
762,420.2294722231636
763,420.2294722231636
764,6985.5838481256615
765,-2764.9240397466347
766,3633.6094077604166
767,2325.480646213102
768,1733.7548557590535
769,891.3823764878948
770,362.3450027469221
771,362.3450027469221
772,362.3450027469221
773,420.2294722231636
774,420.2294722231636
775,2996.0450224572364
776,-16804.43651312047
777,3387.4961716223065
778,8027.9684476937555
779,1733.7548557590535
780,891.3823764878948
781,891.3823764878948
782,362.3450027469221
783,362.3450027469221
784,420.2294722231636
785,420.2294722231636
786,2996.0450224572364
787,-2838.307724521419
788,3633.6094077604166
789,8274.081683831866
790,1733.7548557590535
791,891.3823764878948
792,362.3450027469221
793,362.3450027469221
794,15402.921117156617
795,420.2294722231636
796,420.2294722231636
797,2996.0450224572364
798,9019.15484814844
799,1365.3357535353891
800,-4798.327425945199
801,1733.7548557590535
802,891.3823764878948
803,13605.356869494897
804,362.3450027469221
805,-4322.500038143873
806,420.2294722231636
807,7844.440791351882
808,2996.0450224572364
809,1031.0426770533074
810,7313.93679115415
811,12802.12775468923
812,17997.68597613482
813,891.3823764878948
814,362.3450027469221
815,891.3823764878948
816,362.3450027469221
817,420.2294722231636
818,420.2294722231636
819,2996.0450224572364
820,3545.429567416445
821,1365.3357535353891
822,8027.9684476937555
823,7682.355893377816
824,891.3823764878948
825,362.3450027469221
826,362.3450027469221
827,362.3450027469221
828,-118.8142467066203
829,420.2294722231636
830,727.7713682322092
831,1277.1559131914175
832,7067.82355501604
833,2325.480646213102
834,1733.7548557590535
835,891.3823764878948
836,362.3450027469221
837,362.3450027469221
838,3199.1575569655643
839,420.2294722231636
840,420.2294722231636
841,727.7713682322092
842,-4066.80630730129
843,12863.103706310501
844,2325.480646213102
845,1733.7548557590535
846,891.3823764878948
847,362.3450027469221
848,362.3450027469221
849,362.3450027469221
850,420.2294722231636
851,420.2294722231636
852,727.7713682322092
853,1277.1559131914175
854,1058.095829821411
855,8274.081683831866
856,1733.7548557590535
857,891.3823764878948
858,362.3450027469221
859,-11971.09815376335
860,362.3450027469221
861,420.2294722231636
862,420.2294722231636
863,2996.0450224572364
864,3387.4961716223065
865,7313.93679115415
866,8027.9684476937555
867,7682.355893377816
868,851.2664146779543
869,322.2290409369816
870,380.11351041322314
871,380.11351041322314
872,687.6554064222687
873,952.509064063763
874,1079.1065555873386
875,1356.1347310979068
876,1357.867653029615
877,-2777.6210033393486
878,322.2290409369816
879,19726.763809238917
880,380.11351041322314
881,687.6554064222687
882,912.3931022538226
883,1079.1065555873386
884,1356.1347310979068
885,-930.588209848181
886,851.2664146779543
887,322.2290409369816
888,380.11351041322314
889,380.11351041322314
890,687.6554064222687
891,912.3931022538226
892,1079.1065555873386
893,-1759.0297507401058
894,1693.638893949113
895,851.2664146779543
896,-8043.020601452091
897,420.2294722231636
898,380.11351041322314
899,687.6554064222687
900,912.3931022538226
901,1079.1065555873386
902,1356.1347310979068
903,1447.525657811003
904,891.3823764878948
905,322.2290409369816
906,362.3450027469221
907,5080.494538173995
908,380.11351041322314
909,687.6554064222687
910,912.3931022538226
911,15553.913696343292
912,1356.1347310979068
913,1693.638893949113
914,851.2664146779543
915,-3413.710812546483
916,380.11351041322314
917,380.11351041322314
918,687.6554064222687
919,912.3931022538226
920,1079.1065555873386
921,1396.2506929078472
922,1693.638893949113
923,851.2664146779543
924,322.2290409369816
925,380.11351041322314
926,826.2552658733304
927,687.6554064222687
928,990.9267152433671
929,1079.1065555873386
930,1396.2506929078472
931,28915.403954195277
932,851.2664146779543
933,322.2290409369816
934,380.11351041322314
935,380.11351041322314
936,687.6554064222687
937,14980.503786185627
938,1079.1065555873386
939,1356.1347310979068
940,1447.525657811003
941,851.2664146779543
942,322.2290409369816
943,380.11351041322314
944,4663.791663710687
945,727.7713682322092
946,990.9267152433671
947,1079.1065555873386
948,1356.1347310979068
949,1447.525657811003
950,851.2664146779543
951,362.3450027469221
952,380.11351041322314
953,851.2664146779543
954,687.6554064222687
955,990.9267152433671
956,1119.222517397279
957,1356.1347310979068
958,1693.638893949113
959,851.2664146779543
960,6138.52836039549
961,380.11351041322314
962,380.11351041322314
963,687.6554064222687
964,4107.438142560696
965,1079.1065555873386
966,1356.1347310979068
967,1447.525657811003
968,851.2664146779543
969,362.3450027469221
970,380.11351041322314
971,380.11351041322314
972,687.6554064222687
973,990.9267152433671
974,1119.222517397279
975,1356.1347310979068
976,1487.6416196209434
977,851.2664146779543
978,322.2290409369816
979,420.2294722231636
980,380.11351041322314
981,687.6554064222687
982,990.9267152433671
983,1079.1065555873386
984,1356.1347310979068
985,1447.525657811003
986,851.2664146779543
987,322.2290409369816
988,380.11351041322314
989,380.11351041322314
990,687.6554064222687
991,990.9267152433671
992,1079.1065555873386
993,1356.1347310979068
994,1487.6416196209434
995,851.2664146779543
996,322.2290409369816
997,420.2294722231636
998,851.2664146779543
999,687.6554064222687
1000,1031.0426770533074
1001,21322.028392688208
1002,1356.1347310979068
1003,1891.3391302052903
1004,851.2664146779543
1005,322.2290409369816
1006,362.3450027469221
1007,380.11351041322314
1008,420.2294722231636
1009,687.6554064222687
1010,-6254.280210183546
1011,1079.1065555873386
1012,3624.4083853229345
1013,1447.525657811003
1014,851.2664146779543
1015,322.2290409369816
1016,380.11351041322314
1017,380.11351041322314
1018,11118.471023926993
1019,912.3931022538226
1020,-206.4909709143604
1021,3624.4083853229345
1022,1487.6416196209434
1023,851.2664146779543
1024,2419.952530700162
1025,322.2290409369816
1026,322.2290409369816
1027,-5828.643234211474
1028,380.11351041322314
1029,24002.33520453918
1030,990.9267152433671
1031,1058.095829821411
1032,5304.737688254959
1033,1447.525657811003
1034,851.2664146779543
1035,322.2290409369816
1036,380.11351041322314
1037,380.11351041322314
1038,687.6554064222687
1039,912.3931022538226
1040,1079.1065555873386
1041,12169.629734941931
1042,1693.638893949113
1043,851.2664146779543
1044,2302.1178099500044
1045,322.2290409369816
1046,380.11351041322314
1047,10673.615027817828
1048,687.6554064222687
1049,990.9267152433671
1050,1079.1065555873386
1051,4058.8363726310467
1052,1693.638893949113
1053,891.3823764878948
1054,322.2290409369816
1055,12482.653383401474
1056,380.11351041322314
1057,28263.49879797054
1058,990.9267152433671
1059,1079.1065555873386
1060,1790.562718406019
1061,5383.000758524441
1062,851.2664146779543
1063,362.3450027469221
1064,322.2290409369816
1065,362.3450027469221
1066,380.11351041322314
1067,380.11351041322314
1068,687.6554064222687
1069,990.9267152433671
1070,1079.1065555873386
1071,4058.8363726310467
1072,1733.7548557590535
1073,851.2664146779543
1074,322.2290409369816
1075,1482.4696243184965
1076,380.11351041322314
1077,687.6554064222687
1078,912.3931022538226
1079,1119.222517397279
1080,4058.8363726310467
1081,3715.799312036031
1082,851.2664146779543
1083,322.2290409369816
1084,-10274.593025217542
1085,420.2294722231636
1086,687.6554064222687
1087,1031.0426770533074
1088,1119.222517397279
1089,4098.952334440988
1090,11710.239926008144
1091,851.2664146779543
1092,322.2290409369816
1093,362.3450027469221
1094,420.2294722231636
1095,380.11351041322314
1096,687.6554064222687
1097,990.9267152433671
1098,1079.1065555873386
1099,1790.562718406019
1100,3603.397659557007
1101,851.2664146779543
1102,322.2290409369816
1103,2477.53335366741
1104,380.11351041322314
1105,687.6554064222687
1106,1031.0426770533074
1107,1119.222517397279
1108,9834.822995545623
1109,3961.912548174141
1110,851.2664146779543
1111,322.2290409369816
1112,322.2290409369816
1113,380.11351041322314
1114,380.11351041322314
1115,20244.85243674406
1116,4480.328496044995
1117,1079.1065555873386
1118,1830.6786802159595
1119,1693.638893949113
1120,851.2664146779543
1121,322.2290409369816
1122,322.2290409369816
1123,322.2290409369816
1124,380.11351041322314
1125,380.11351041322314
1126,687.6554064222687
1127,990.9267152433671
1128,1079.1065555873386
1129,4058.8363726310467
1130,3715.799312036031
1131,891.3823764878948
1132,322.2290409369816
1133,380.11351041322314
1134,380.11351041322314
1135,727.7713682322092
1136,990.9267152433671
1137,1079.1065555873386
1138,4058.8363726310467
1139,1447.525657811003
1140,851.2664146779543
1141,322.2290409369816
1142,322.2290409369816
1143,380.11351041322314
1144,380.11351041322314
1145,687.6554064222687
1146,990.9267152433671
1147,3387.4961716223065
1148,1790.562718406019
1149,3715.799312036031
1150,851.2664146779543
1151,322.2290409369816
1152,322.2290409369816
1153,322.2290409369816
1154,380.11351041322314
1155,380.11351041322314
1156,687.6554064222687
1157,6827.883790280441
1158,29104.469268437217
1159,4098.952334440988
1160,1693.638893949113
1161,851.2664146779543
1162,322.2290409369816
1163,362.3450027469221
1164,322.2290409369816
1165,380.11351041322314
1166,420.2294722231636
1167,687.6554064222687
1168,4379.863841831451
1169,3347.380209812366
1170,4058.8363726310467
1171,1487.6416196209434
1172,851.2664146779543
1173,322.2290409369816
1174,322.2290409369816
1175,362.3450027469221
1176,380.11351041322314
1177,380.11351041322314
1178,687.6554064222687
1179,990.9267152433671
1180,1079.1065555873386
1181,18214.58425948899
1182,1693.638893949113
1183,851.2664146779543
1184,322.2290409369816
1185,322.2290409369816
1186,322.2290409369816
1187,380.11351041322314
1188,380.11351041322314
1189,687.6554064222687
1190,990.9267152433671
1191,1017.9798680114706
1192,1790.562718406019
1193,1447.525657811003
1194,851.2664146779543
1195,322.2290409369816
1196,-10780.960308645666
1197,322.2290409369816
1198,380.11351041322314
1199,380.11351041322314
1200,-8641.149477460456
1201,990.9267152433671
1202,3347.380209812366
1203,4058.8363726310467
1204,27544.511660817436
1205,851.2664146779543
1206,322.2290409369816
1207,322.2290409369816
1208,322.2290409369816
1209,17353.361995838586
1210,-4732.197103894327
1211,687.6554064222687
1212,990.9267152433671
1213,3347.380209812366
1214,1790.562718406019
1215,1487.6416196209434
1216,851.2664146779543
1217,322.2290409369816
1218,322.2290409369816
1219,322.2290409369816
1220,380.11351041322314
1221,380.11351041322314
1222,2418.0597392365476
1223,990.9267152433671
1224,1079.1065555873386
1225,4058.8363726310467
1226,1447.525657811003
1227,851.2664146779543
1228,322.2290409369816
1229,362.3450027469221
1230,322.2290409369816
1231,4612.401283845069
1232,380.11351041322314
1233,687.6554064222687
1234,3259.2003694683945
1235,1741.6888866449397
1236,1790.562718406019
1237,1693.638893949113
1238,891.3823764878948
1239,322.2290409369816
1240,322.2290409369816
1241,322.2290409369816
1242,380.11351041322314
1243,380.11351041322314
1244,727.7713682322092
1245,990.9267152433671
1246,3347.380209812366
1247,1790.562718406019
1248,1447.525657811003
1249,851.2664146779543
1250,322.2290409369816
1251,322.2290409369816
1252,322.2290409369816
1253,420.2294722231636
1254,380.11351041322314
1255,13660.762606793713
1256,990.9267152433671
1257,3347.380209812366
1258,4307.525102490085
1259,1447.525657811003
1260,-540.8809141935859
1261,322.2290409369816
1262,851.2664146779543
1263,322.2290409369816
1264,420.2294722231636
1265,851.2664146779543
1266,687.6554064222687
1267,3259.2003694683945
1268,-11579.512382109542
1269,2039.2514482650524
1270,3715.799312036031
1271,851.2664146779543
1272,362.3450027469221
1273,322.2290409369816
1274,322.2290409369816
1275,380.11351041322314
1276,380.11351041322314
1277,687.6554064222687
1278,990.9267152433671
1279,3347.380209812366
1280,2079.367410074993
1281,3715.799312036031
1282,851.2664146779543
1283,322.2290409369816
1284,362.3450027469221
1285,322.2290409369816
1286,420.2294722231636
1287,380.11351041322314
1288,687.6554064222687
1289,3259.2003694683945
1290,3347.380209812366
1291,4307.525102490085
1292,3715.799312036031
1293,851.2664146779543
1294,322.2290409369816
1295,322.2290409369816
1296,322.2290409369816
1297,420.2294722231636
1298,420.2294722231636
1299,687.6554064222687
1300,3259.2003694683945
1301,1079.1065555873386
1302,4307.525102490085
1303,3715.799312036031
1304,851.2664146779543
1305,322.2290409369816
1306,362.3450027469221
1307,380.11351041322314
1308,851.2664146779543
1309,687.6554064222687
1310,990.9267152433671
1311,1079.1065555873386
1312,4307.525102490085
1313,3715.799312036031
1314,851.2664146779543
1315,-21264.215732029596
1316,380.11351041322314
1317,380.11351041322314
1318,687.6554064222687
1319,952.509064063763
1320,1079.1065555873386
1321,-2784.8421090016973
1322,1447.525657811003
1323,851.2664146779543
1324,362.3450027469221
1325,380.11351041322314
1326,380.11351041322314
1327,687.6554064222687
1328,912.3931022538226
1329,1079.1065555873386
1330,1356.1347310979068
1331,1447.525657811003
1332,851.2664146779543
1333,322.2290409369816
1334,380.11351041322314
1335,380.11351041322314
1336,727.7713682322092
1337,912.3931022538226
1338,1079.1065555873386
1339,1356.1347310979068
1340,17780.675358301247
1341,851.2664146779543
1342,322.2290409369816
1343,380.11351041322314
1344,32995.51929574591
1345,8642.988631211503
1346,952.509064063763
1347,1079.1065555873386
1348,1396.2506929078472
1349,1447.525657811003
1350,851.2664146779543
1351,322.2290409369816
1352,420.2294722231636
1353,380.11351041322314
1354,727.7713682322092
1355,912.3931022538226
1356,1079.1065555873386
1357,1356.1347310979068
1358,1447.525657811003
1359,891.3823764878948
1360,11819.961969910219
1361,5675.290819789915
1362,380.11351041322314
1363,687.6554064222687
1364,912.3931022538226
1365,1017.9798680114706
1366,1356.1347310979068
1367,1447.525657811003
1368,851.2664146779543
1369,322.2290409369816
1370,380.11351041322314
1371,380.11351041322314
1372,687.6554064222687
1373,912.3931022538226
1374,1079.1065555873386
1375,1356.1347310979068
1376,1693.638893949113
1377,851.2664146779543
1378,7972.878855164091
1379,380.11351041322314
1380,380.11351041322314
1381,687.6554064222687
1382,912.3931022538226
1383,1079.1065555873386
1384,1356.1347310979068
1385,1447.525657811003
1386,851.2664146779543
1387,322.2290409369816
1388,380.11351041322314
1389,380.11351041322314
1390,727.7713682322092
1391,15092.070630377533
1392,11418.825867748215
1393,1356.1347310979068
1394,1447.525657811003
1395,851.2664146779543
1396,322.2290409369816
1397,380.11351041322314
1398,380.11351041322314
1399,687.6554064222687
1400,912.3931022538226
1401,1079.1065555873386
1402,1356.1347310979068
1403,1693.638893949113
1404,851.2664146779543
1405,322.2290409369816
1406,3393.335402752799
1407,380.11351041322314
1408,687.6554064222687
1409,912.3931022538226
1410,1079.1065555873386
1411,1356.1347310979068
1412,26637.191677237184
1413,10119.541848317373
1414,322.2290409369816
1415,380.11351041322314
1416,380.11351041322314
1417,687.6554064222687
1418,912.3931022538226
1419,639.3952074079423
1420,-937.9205832875892
1421,22103.15993196225
1422,322.2290409369816
1423,380.11351041322314
1424,380.11351041322314
1425,687.6554064222687
1426,4923.089740966894
1427,1079.1065555873386
1428,1356.1347310979068
1429,1447.525657811003
1430,891.3823764878948
1431,322.2290409369816
1432,380.11351041322314
1433,380.11351041322314
1434,687.6554064222687
1435,912.3931022538226
1436,1079.1065555873386
1437,1339.1932788370104
1438,1447.525657811003
1439,851.2664146779543
1440,322.2290409369816
1441,380.11351041322314
1442,380.11351041322314
1443,687.6554064222687
1444,952.509064063763
1445,1079.1065555873386
1446,1790.562718406019
1447,1891.3391302052903
1448,977.9783983009922
1449,448.9410245600197
1450,448.9410245600197
1451,448.9410245600197
1452,506.8254940362612
1453,506.8254940362612
1454,3082.641044270334
1455,1363.7519350045152
1456,-189.1353975529965
1457,8114.564469506853
1458,1820.3508775721511
1459,977.9783983009922
1460,362.3450027469221
1461,448.9410245600197
1462,448.9410245600197
1463,506.8254940362612
1464,506.8254940362612
1465,3082.641044270334
1466,3385.9123530914326
1467,186.2810022537898
1468,8360.677705644965
1469,1733.7548557590535
1470,891.3823764878948
1471,448.9410245600197
1472,448.9410245600197
1473,448.9410245600197
1474,420.2294722231636
1475,506.8254940362612
1476,3082.641044270334
1477,3632.0255892295427
1478,3720.2054295735143
1479,2165.96343188809
1480,1820.3508775721511
1481,977.9783983009922
1482,448.9410245600197
1483,448.9410245600197
1484,362.3450027469221
1485,506.8254940362612
1486,506.8254940362612
1487,3082.641044270334
1488,1039.1050858768601
1489,1365.3357535353891
1490,8360.677705644965
1491,7682.355893377816
1492,977.9783983009922
1493,448.9410245600197
1494,448.9410245600197
1495,448.9410245600197
1496,506.8254940362612
1497,13474.341249046078
1498,1966.3948021180302
1499,1363.7519350045152
1500,1451.9317753484868
1501,8114.564469506853
1502,1820.3508775721511
1503,4785.706126845457
1504,362.3450027469221
1505,9510.14226131873
1506,448.9410245600197
1507,12217.695221235963
1508,506.8254940362612
1509,3082.641044270334
1510,1363.7519350045152
1511,1390.8050877726187
1512,8114.564469506853
1513,7682.355893377816
1514,977.9783983009922
1515,448.9410245600197
1516,448.9410245600197
1517,448.9410245600197
1518,506.8254940362612
1519,-5123.6328972147885
1520,3082.641044270334
1521,1302.625247428647
1522,1451.9317753484868
1523,8360.677705644965
1524,1820.3508775721511
1525,977.9783983009922
1526,448.9410245600197
1527,448.9410245600197
1528,448.9410245600197
1529,506.8254940362612
1530,506.8254940362612
1531,3082.641044270334
1532,24275.76120997883
1533,7154.419576829137
1534,13014.94006159803
1535,7768.9519151909135
1536,-911.9101674357344
1537,448.9410245600197
1538,448.9410245600197
1539,448.9410245600197
1540,506.8254940362612
1541,420.2294722231636
1542,3082.641044270334
1543,3307.3787401018876
1544,7400.532812967248
1545,2165.96343188809
1546,1820.3508775721511
1547,977.9783983009922
1548,448.9410245600197
1549,448.9410245600197
1550,-2260.956136229535
1551,420.2294722231636
1552,506.8254940362612
1553,3082.641044270334
1554,1285.2183220149702
1555,7400.532812967248
1556,8360.677705644965
1557,10585.938130376886
1558,891.3823764878948
1559,448.9410245600197
1560,448.9410245600197
1561,448.9410245600197
1562,506.8254940362612
1563,506.8254940362612
1564,814.3673900453068
1565,3553.4919762399977
1566,18469.587183617077
1567,8360.677705644965
1568,1733.7548557590535
1569,977.9783983009922
1570,448.9410245600197
1571,448.9410245600197
1572,448.9410245600197
1573,506.8254940362612
1574,506.8254940362612
1575,3082.641044270334
1576,3553.4919762399977
1577,7400.532812967248
1578,2412.0766680261995
1579,10658.11232117736
1580,977.9783983009922
1581,448.9410245600197
1582,448.9410245600197
1583,-878.3980787906107
1584,506.8254940362612
1585,506.8254940362612
1586,6794.89686174296
1587,3553.4919762399977
1588,7400.532812967248
1589,6156.646867694446
1590,10658.11232117736
1591,891.3823764878948
1592,5425.350611179847
1593,1843.8573829948687
1594,448.9410245600197
1595,506.8254940362612
1596,506.8254940362612
1597,3082.641044270334
1598,3307.3787401018876
1599,1451.9317753484868
1600,8360.677705644965
1601,10571.51629936426
1602,977.9783983009922
1603,362.3450027469221
1604,448.9410245600197
1605,448.9410245600197
1606,420.2294722231636
1607,420.2294722231636
1608,3082.641044270334
1609,7312.352972623277
1610,35832.627218934045
1611,2412.0766680261995
1612,2125.4629790779877
1613,851.2664146779543
1614,322.2290409369816
1615,2487.449363917362
1616,99.76916428503276
1617,380.11351041322314
1618,687.6554064222687
1619,990.9267152433671
1620,1079.1065555873386
1621,4058.8363726310467
1622,1693.638893949113
1623,851.2664146779543
1624,322.2290409369816
1625,322.2290409369816
1626,322.2290409369816
1627,380.11351041322314
1628,420.2294722231636
1629,727.7713682322092
1630,990.9267152433671
1631,1079.1065555873386
1632,24106.113815151588
1633,1693.638893949113
1634,851.2664146779543
1635,362.3450027469221
1636,362.3450027469221
1637,322.2290409369816
1638,420.2294722231636
1639,380.11351041322314
1640,687.6554064222687
1641,990.9267152433671
1642,1079.1065555873386
1643,1790.562718406019
1644,1447.525657811003
1645,851.2664146779543
1646,322.2290409369816
1647,322.2290409369816
1648,322.2290409369816
1649,380.11351041322314
1650,380.11351041322314
1651,727.7713682322092
1652,990.9267152433671
1653,1079.1065555873386
1654,1790.562718406019
1655,1447.525657811003
1656,851.2664146779543
1657,362.3450027469221
1658,362.3450027469221
1659,380.11351041322314
1660,380.11351041322314
1661,687.6554064222687
1662,1031.0426770533074
1663,1079.1065555873386
1664,4058.8363726310467
1665,1447.525657811003
1666,410.37622817412444
1667,322.2290409369816
1668,322.2290409369816
1669,322.2290409369816
1670,17218.951354234974
1671,380.11351041322314
1672,727.7713682322092
1673,990.9267152433671
1674,1079.1065555873386
1675,1790.562718406019
1676,1693.638893949113
1677,851.2664146779543
1678,322.2290409369816
1679,322.2290409369816
1680,322.2290409369816
1681,380.11351041322314
1682,851.2664146779543
1683,687.6554064222687
1684,990.9267152433671
1685,1079.1065555873386
1686,1830.6786802159595
1687,1693.638893949113
1688,851.2664146779543
1689,322.2290409369816
1690,322.2290409369816
1691,380.11351041322314
1692,380.11351041322314
1693,687.6554064222687
1694,990.9267152433671
1695,1079.1065555873386
1696,1790.562718406019
1697,1447.525657811003
1698,851.2664146779543
1699,322.2290409369816
1700,322.2290409369816
1701,380.11351041322314
1702,380.11351041322314
1703,18661.035861523324
1704,990.9267152433671
1705,1079.1065555873386
1706,4058.8363726310467
1707,1693.638893949113
1708,851.2664146779543
1709,322.2290409369816
1710,322.2290409369816
1711,380.11351041322314
1712,380.11351041322314
1713,687.6554064222687
1714,990.9267152433671
1715,1079.1065555873386
1716,1790.562718406019
1717,1733.7548557590535
1718,851.2664146779543
1719,322.2290409369816
1720,19988.251252632155
1721,420.2294722231636
1722,380.11351041322314
1723,687.6554064222687
1724,990.9267152433671
1725,1079.1065555873386
1726,20633.18523456048
1727,3961.912548174141
1728,851.2664146779543
1729,322.2290409369816
1730,362.3450027469221
1731,380.11351041322314
1732,4410.815008078051
1733,687.6554064222687
1734,990.9267152433671
1735,3347.380209812366
1736,4058.8363726310467
1737,3961.912548174141
1738,851.2664146779543
1739,322.2290409369816
1740,21850.582055670104
1741,380.11351041322314
1742,380.11351041322314
1743,12209.658677139105
1744,990.9267152433671
1745,4772.277174318295
1746,4347.641064300025
1747,27181.654880514216
1748,851.2664146779543
1749,322.2290409369816
1750,322.2290409369816
1751,380.11351041322314
1752,380.11351041322314
1753,687.6554064222687
1754,990.9267152433671
1755,3387.4961716223065
1756,1486.7840970655475
1757,1447.525657811003
1758,851.2664146779543
1759,322.2290409369816
1760,23993.905409751373
1761,380.11351041322314
1762,380.11351041322314
1763,687.6554064222687
1764,3347.380209812366
1765,1119.222517397279
1766,4098.952334440988
1767,3961.912548174141
1768,1133.778573597671
1769,-2428.662274631279
1770,3088.8128002140534
1771,604.7411998566989
1772,662.6256693329404
1773,662.6256693329404
1774,1216.2808014800955
1775,1519.5521103011943
1776,13408.800094722523
1777,21727.48690408818
1778,2410.5790401769405
1779,891.3823764878948
1780,604.7411998566989
1781,604.7411998566989
1782,-1625.5523604361988
1783,662.6256693329404
1784,662.6256693329404
1785,6171.080699000787
1786,10185.346612253994
1787,1361.6187145070558
1788,2321.7636071847687
1789,10072.852192827797
1790,1133.778573597671
1791,362.3450027469221
1792,604.7411998566989
1793,3907.4201313914737
1794,662.6256693329404
1795,3069.0768328723925
1796,970.167565341986
1797,13074.507018240442
1798,13408.800094722523
1799,21075.96882296048
1800,14008.474944860247
1801,891.3823764878948
1802,604.7411998566989
1803,362.3450027469221
1804,362.3450027469221
1805,662.6256693329404
1806,3069.0768328723925
1807,1216.2808014800955
1808,13074.507018240442
1809,1607.7319506451659
1810,2321.7636071847687
1811,20791.169216326052
1812,-1399.4259791722618
1813,604.7411998566989
1814,604.7411998566989
1815,9340.66896551381
1816,662.6256693329404
1817,3069.0768328723925
1818,1216.2808014800955
1819,13320.620254378551
1820,10203.097197140598
1821,20848.209650476336
1822,44268.9043737088
1823,1133.778573597671
1824,604.7411998566989
1825,604.7411998566989
1826,604.7411998566989
1827,662.6256693329404
1828,662.6256693329404
1829,1216.2808014800955
1830,13320.620254378551
1831,13408.800094722523
1832,14717.033460138224
1833,20285.507002340808
1834,1133.778573597671
1835,604.7411998566989
1836,604.7411998566989
1837,604.7411998566989
1838,662.6256693329404
1839,3069.0768328723925
1840,3376.6187288814376
1841,13320.620254378551
1842,13408.800094722523
1843,2321.7636071847687
1844,2410.5790401769405
1845,1133.778573597671
1846,7650.29820243093
1847,604.7411998566989
1848,604.7411998566989
1849,662.6256693329404
1850,3069.0768328723925
1851,970.167565341986
1852,13320.620254378551
1853,1607.7319506451659
1854,2523.180882469279
1855,2659.267770035975
1856,1133.778573597671
1857,604.7411998566989
1858,362.3450027469221
1859,604.7411998566989
1860,662.6256693329404
1861,3069.0768328723925
1862,3376.6187288814376
1863,13074.507018240442
1864,6235.221339880832
1865,20069.18976586015
1866,15036.183559335468
1867,891.3823764878948
1868,604.7411998566989
1869,604.7411998566989
1870,362.3450027469221
1871,662.6256693329404
1872,26446.842652807434
1873,-864.767647717469
1874,1194.9052611735392
1875,15532.05349929855
1876,14717.033460138224
1877,2856.968006292152
1878,9888.97388097653
1879,604.7411998566989
1880,604.7411998566989
1881,604.7411998566989
1882,420.2294722231636
1883,662.6256693329404
1884,3376.6187288814376
1885,13074.507018240442
1886,12977.868682844322
1887,2321.7636071847687
1888,15054.537622989428
1889,1133.778573597671
1890,604.7411998566989
1891,6321.0125469321265
1892,604.7411998566989
1893,7542.354110188479
1894,420.2294722231636
1895,3622.7319650195477
1896,1441.0184973116493
1897,18061.511222207762
1898,2260.636919608901
1899,21818.877830801277
1900,1133.778573597671
1901,604.7411998566989
1902,-4342.140924217552
1903,604.7411998566989
1904,662.6256693329404
1905,3069.0768328723925
1906,1216.2808014800955
1907,25849.074166293954
1908,1607.7319506451659
1909,14944.792632622373
1910,35238.20097753822
1911,1133.778573597671
1912,-2022.6227171960195
1913,604.7411998566989
1914,604.7411998566989
1915,662.6256693329404
1916,662.6256693329404
1917,3622.7319650195477
1918,1519.5521103011943
1919,16183.571580426247
1920,20196.691569348637
1921,2659.267770035975
1922,1133.778573597671
1923,604.7411998566989
1924,362.3450027469221
1925,604.7411998566989
1926,662.6256693329404
1927,662.6256693329404
1928,4428.178534403023
1929,16341.504976220385
1930,13756.888567460508
1931,2321.7636071847687
1932,2608.2792764331175
1933,891.3823764878948
1934,448.9410245600197
1935,-10648.4920086207
1936,448.9410245600197
1937,506.8254940362612
1938,506.8254940362612
1939,814.3673900453068
1940,3632.0255892295427
1941,22307.934821141123
1942,2412.0766680261995
1943,4088.6245317971807
1944,1056.512011290537
1945,18045.045942647153
1946,362.3450027469221
1947,362.3450027469221
1948,506.8254940362612
1949,506.8254940362612
1950,814.3673900453068
1951,1117.638698866405
1952,1451.9317753484868
1953,2165.96343188809
1954,15059.14784286486
1955,977.9783983009922
1956,448.9410245600197
1957,448.9410245600197
1958,362.3450027469221
1959,506.8254940362612
1960,506.8254940362612
1961,-1870.3829499517806
1962,1117.638698866405
1963,7400.532812967248
1964,8360.677705644965
1965,7768.9519151909135
1966,-9599.17220496996
1967,448.9410245600197
1968,362.3450027469221
1969,448.9410245600197
1970,420.2294722231636
1971,506.8254940362612
1972,3082.641044270334
1973,1117.638698866405
1974,7154.419576829137
1975,8114.564469506853
1976,7768.9519151909135
1977,977.9783983009922
1978,448.9410245600197
1979,448.9410245600197
1980,448.9410245600197
1981,506.8254940362612
1982,506.8254940362612
1983,814.3673900453068
1984,1363.7519350045152
1985,1451.9317753484868
1986,2412.0766680261995
1987,7768.9519151909135
1988,977.9783983009922
1989,448.9410245600197
1990,448.9410245600197
1991,448.9410245600197
1992,-2851.242116237702
1993,506.8254940362612
1994,3082.641044270334
1995,1363.7519350045152
1996,7154.419576829137
1997,2165.96343188809
1998,7768.9519151909135
1999,977.9783983009922
2000,448.9410245600197
2001,448.9410245600197
2002,448.9410245600197
2003,506.8254940362612
2004,506.8254940362612
2005,3082.641044270334
2006,1363.7519350045152
2007,7400.532812967248
2008,8360.677705644965
2009,1820.3508775721511
2010,977.9783983009922
2011,448.9410245600197
2012,448.9410245600197
2013,448.9410245600197
2014,420.2294722231636
2015,506.8254940362612
2016,7218.107174465045
2017,1117.638698866405
2018,7154.419576829137
2019,11003.724875493303
2020,1820.3508775721511
2021,977.9783983009922
2022,448.9410245600197
2023,448.9410245600197
2024,448.9410245600197
2025,506.8254940362612
2026,506.8254940362612
2027,3082.641044270334
2028,7066.239736485167
2029,17168.01167668163
2030,11003.724875493303
2031,7768.9519151909135
2032,977.9783983009922
2033,448.9410245600197
2034,448.9410245600197
2035,448.9410245600197
2036,506.8254940362612
2037,420.2294722231636
2038,3082.641044270334
2039,7066.239736485167
2040,1205.8185392103767
2041,2165.96343188809
2042,7682.355893377816
2043,977.9783983009922
2044,448.9410245600197
2045,448.9410245600197
2046,448.9410245600197
2047,506.8254940362612
2048,506.8254940362612
2049,3082.641044270334
2050,7312.352972623277
2051,1451.9317753484868
2052,11249.838111631412
2053,28077.394953353247
2054,977.9783983009922
2055,448.9410245600197
2056,448.9410245600197
2057,448.9410245600197
2058,506.8254940362612
2059,506.8254940362612
2060,3082.641044270334
2061,7312.352972623277
2062,10289.693218953696
2063,2412.0766680261995
2064,1820.3508775721511
2065,977.9783983009922
2066,362.3450027469221
2067,-4167.070870757551
2068,448.9410245600197
2069,506.8254940362612
2070,506.8254940362612
2071,3082.641044270334
2072,1277.1559131914175
2073,10043.579982815587
2074,11003.724875493303
2075,7768.9519151909135
2076,977.9783983009922
2077,448.9410245600197
2078,448.9410245600197
2079,448.9410245600197
2080,977.9783983009922
2081,506.8254940362612
2082,3082.641044270334
2083,7312.352972623277
2084,10289.693218953696
2085,11003.724875493303
2086,7768.9519151909135
2087,891.3823764878948
2088,362.3450027469221
2089,448.9410245600197
2090,448.9410245600197
2091,3597.713118163282
2092,8619.115371666676
2093,10595.869168306379
2094,7066.239736485167
2095,10043.579982815587
2096,2412.0766680261995
2097,10658.11232117736
2098,4720.25694798076
2099,362.3450027469221
2100,380.11351041322314
2101,380.11351041322314
2102,687.6554064222687
2103,6168.805063545589
2104,1079.1065555873386
2105,1356.1347310979068
2106,1603.980889167725
2107,3540.5337019131825
2108,362.3450027469221
2109,380.11351041322314
2110,380.11351041322314
2111,4020.154457513436
2112,912.3931022538226
2113,1079.1065555873386
2114,1356.1347310979068
2115,1603.980889167725
2116,851.2664146779543
2117,322.2290409369816
2118,380.11351041322314
2119,380.11351041322314
2120,727.7713682322092
2121,912.3931022538226
2122,1079.1065555873386
2123,1356.1347310979068
2124,1397.9836148395555
2125,851.2664146779543
2126,322.2290409369816
2127,380.11351041322314
2128,380.11351041322314
2129,687.6554064222687
2130,912.3931022538226
2131,1079.1065555873386
2132,1356.1347310979068
2133,1603.980889167725
2134,851.2664146779543
2135,322.2290409369816
2136,380.11351041322314
2137,380.11351041322314
2138,687.6554064222687
2139,912.3931022538226
2140,1079.1065555873386
2141,1396.2506929078472
2142,1357.867653029615
2143,851.2664146779543
2144,322.2290409369816
2145,380.11351041322314
2146,380.11351041322314
2147,687.6554064222687
2148,912.3931022538226
2149,1079.1065555873386
2150,1356.1347310979068
2151,1357.867653029615
2152,851.2664146779543
2153,3031.9591242866454
2154,380.11351041322314
2155,380.11351041322314
2156,687.6554064222687
2157,912.3931022538226
2158,1079.1065555873386
2159,1356.1347310979068
2160,-1176.7014459862914
2161,851.2664146779543
2162,322.2290409369816
2163,380.11351041322314
2164,420.2294722231636
2165,687.6554064222687
2166,912.3931022538226
2167,1079.1065555873386
2168,1356.1347310979068
2169,-890.4722480382405
2170,851.2664146779543
2171,362.3450027469221
2172,380.11351041322314
2173,380.11351041322314
2174,13982.711744102971
2175,912.3931022538226
2176,1079.1065555873386
2177,1396.2506929078472
2178,1447.525657811003
2179,891.3823764878948
2180,322.2290409369816
2181,380.11351041322314
2182,420.2294722231636
2183,687.6554064222687
2184,912.3931022538226
2185,1079.1065555873386
2186,1356.1347310979068
2187,1733.7548557590535
2188,851.2664146779543
2189,322.2290409369816
2190,420.2294722231636
2191,-551.2289901516865
2192,687.6554064222687
2193,990.9267152433671
2194,8600.739463838296
2195,1356.1347310979068
2196,1733.7548557590535
2197,851.2664146779543
2198,322.2290409369816
2199,420.2294722231636
2200,380.11351041322314
2201,10634.798483052879
2202,912.3931022538226
2203,1079.1065555873386
2204,1356.1347310979068
2205,1693.638893949113
2206,851.2664146779543
2207,322.2290409369816
2208,380.11351041322314
2209,380.11351041322314
2210,687.6554064222687
2211,990.9267152433671
2212,1079.1065555873386
2213,1356.1347310979068
2214,1447.525657811003
2215,851.2664146779543
2216,322.2290409369816
2217,420.2294722231636
2218,420.2294722231636
2219,687.6554064222687
2220,990.9267152433671
2221,1079.1065555873386
2222,1356.1347310979068
2223,1447.525657811003
2224,851.2664146779543
2225,322.2290409369816
2226,-6461.109177368024
2227,380.11351041322314
2228,687.6554064222687
2229,990.9267152433671
2230,1119.222517397279
2231,1356.1347310979068
2232,36119.30322668246
2233,-829.4909178578482
2234,448.9410245600197
2235,448.9410245600197
2236,448.9410245600197
2237,420.2294722231636
2238,-6631.504196038483
2239,3087.5748483487346
2240,8945.107914654474
2241,9033.287754998446
2242,14936.74854343794
2243,13585.711636774875
2244,23406.666818941598
2245,448.9410245600197
2246,362.3450027469221
2247,448.9410245600197
2248,506.8254940362612
2249,367.5273187878962
2250,22617.028305850497
2251,1117.638698866405
2252,1451.9317753484868
2253,2412.0766680261995
2254,13585.711636774875
2255,977.9783983009922
2256,-1549.0736153442688
2257,448.9410245600197
2258,448.9410245600197
2259,12103.810611714074
2260,506.8254940362612
2261,973.8846043703193
2262,8698.994678516365
2263,8787.174518860336
2264,16546.804067943056
2265,13585.711636774875
2266,-3538.271076675035
2267,448.9410245600197
2268,448.9410245600197
2269,-3520.288639575065
2270,506.8254940362612
2271,506.8254940362612
2272,1060.4806261834165
2273,8698.994678516365
2274,8787.174518860336
2275,2412.0766680261995
2276,4724.789104926096
2277,977.9783983009922
2278,448.9410245600197
2279,448.9410245600197
2280,448.9410245600197
2281,506.8254940362612
2282,18447.993183435672
2283,3087.5748483487346
2284,8945.107914654474
2285,8900.209919986437
2286,2412.0766680261995
2287,13585.711636774875
2288,977.9783983009922
2289,448.9410245600197
2290,448.9410245600197
2291,362.3450027469221
2292,506.8254940362612
2293,506.8254940362612
2294,3087.5748483487346
2295,8698.994678516365
2296,1451.9317753484868
2297,2165.96343188809
2298,13585.711636774875
2299,977.9783983009922
2300,448.9410245600197
2301,448.9410245600197
2302,-19758.72168747604
2303,506.8254940362612
2304,420.2294722231636
2305,3333.6880844868447
2306,1117.638698866405
2307,17967.118935347196
2308,13931.324191090818
2309,13585.711636774875
2310,977.9783983009922
2311,448.9410245600197
2312,-13366.143724838941
2313,362.3450027469221
2314,420.2294722231636
2315,506.8254940362612
2316,-9088.119355021574
2317,8698.994678516365
2318,11922.448160984894
2319,9125.408422864115
2320,1820.3508775721511
2321,977.9783983009922
2322,448.9410245600197
2323,977.9783983009922
2324,362.3450027469221
2325,506.8254940362612
2326,506.8254940362612
2327,3242.1582585953465
2328,1117.638698866405
2329,10203.097197140598
2330,14177.437427228928
2331,10571.51629936426
2332,977.9783983009922
2333,362.3450027469221
2334,448.9410245600197
2335,448.9410245600197
2336,506.8254940362612
2337,506.8254940362612
2338,3087.5748483487346
2339,8945.107914654474
2340,1390.8050877726187
2341,17198.32214907075
2342,-14507.456276718221
2343,977.9783983009922
2344,448.9410245600197
2345,448.9410245600197
2346,448.9410245600197
2347,19003.534390781508
2348,2780.0329523396895
2349,3333.6880844868447
2350,8945.107914654474
2351,1205.8185392103767
2352,2412.0766680261995
2353,10571.51629936426
2354,977.9783983009922
2355,-840.9745838701423
2356,448.9410245600197
2357,448.9410245600197
2358,2780.0329523396895
2359,506.8254940362612
2360,3333.6880844868447
2361,-7853.484440079515
2362,1451.9317753484868
2363,2165.96343188809
2364,93.46213637687956
2365,977.9783983009922
2366,448.9410245600197
2367,-4088.054245373735
2368,448.9410245600197
2369,506.8254940362612
2370,506.8254940362612
2371,3087.5748483487346
2372,6979.643714672069
2373,1451.9317753484868
2374,14184.126811660148
2375,1820.3508775721511
2376,977.9783983009922
2377,448.9410245600197
2378,448.9410245600197
2379,13227.044735016834
2380,506.8254940362612
2381,2780.0329523396895
2382,727.7713682322092
2383,7225.75695081018
2384,1451.9317753484868
2385,2165.96343188809
2386,1820.3508775721511
2387,977.9783983009922
2388,-3872.0222228735834
2389,448.9410245600197
2390,448.9410245600197
2391,506.8254940362612
2392,506.8254940362612
2393,3087.5748483487346
2394,1117.638698866405
2395,1649.632011604664
2396,17831.486166544488
2397,17239.76037609044
2398,891.3823764878948
2399,322.2290409369816
2400,851.2664146779543
2401,322.2290409369816
2402,420.2294722231636
2403,380.11351041322314
2404,687.6554064222687
2405,990.9267152433671
2406,18215.222370311956
2407,2036.675954544128
2408,1447.525657811003
2409,851.2664146779543
2410,322.2290409369816
2411,322.2290409369816
2412,362.3450027469221
2413,380.11351041322314
2414,380.11351041322314
2415,687.6554064222687
2416,990.9267152433671
2417,3347.380209812366
2418,4304.9496087691605
2419,3755.9152738459716
2420,851.2664146779543
2421,322.2290409369816
2422,322.2290409369816
2423,322.2290409369816
2424,380.11351041322314
2425,380.11351041322314
2426,687.6554064222687
2427,3259.2003694683945
2428,1079.1065555873386
2429,2036.675954544128
2430,1447.525657811003
2431,851.2664146779543
2432,322.2290409369816
2433,322.2290409369816
2434,322.2290409369816
2435,380.11351041322314
2436,-8112.481462760718
2437,687.6554064222687
2438,3259.2003694683945
2439,1079.1065555873386
2440,-4809.78657442803
2441,1447.525657811003
2442,851.2664146779543
2443,322.2290409369816
2444,322.2290409369816
2445,362.3450027469221
2446,380.11351041322314
2447,380.11351041322314
2448,687.6554064222687
2449,990.9267152433671
2450,31187.183461642995
2451,4553.638338628196
2452,4437.492291201645
2453,851.2664146779543
2454,322.2290409369816
2455,322.2290409369816
2456,322.2290409369816
2457,380.11351041322314
2458,380.11351041322314
2459,687.6554064222687
2460,3299.316331278335
2461,3347.380209812366
2462,4553.638338628196
2463,1693.638893949113
2464,851.2664146779543
2465,322.2290409369816
2466,322.2290409369816
2467,322.2290409369816
2468,10924.222975878945
2469,380.11351041322314
2470,687.6554064222687
2471,990.9267152433671
2472,3347.380209812366
2473,2039.2514482650524
2474,3961.912548174141
2475,851.2664146779543
2476,322.2290409369816
2477,322.2290409369816
2478,322.2290409369816
2479,380.11351041322314
2480,380.11351041322314
2481,20996.333587725007
2482,1031.0426770533074
2483,3286.253522236498
2484,4307.525102490085
2485,3961.912548174141
2486,851.2664146779543
2487,-5744.941454018463
2488,322.2290409369816
2489,322.2290409369816
2490,420.2294722231636
2491,380.11351041322314
2492,687.6554064222687
2493,3347.380209812366
2494,1079.1065555873386
2495,4553.638338628196
2496,3961.912548174141
2497,851.2664146779543
2498,362.3450027469221
2499,322.2290409369816
2500,322.2290409369816
2501,380.11351041322314
2502,380.11351041322314
2503,727.7713682322092
2504,1079.1065555873386
2505,1264.0931041495805
2506,4307.525102490085
2507,3715.799312036031
2508,851.2664146779543
2509,322.2290409369816
2510,322.2290409369816
2511,322.2290409369816
2512,-5950.971563387612
2513,380.11351041322314
2514,687.6554064222687
2515,990.9267152433671
2516,1325.2197917254487
2517,4307.525102490085
2518,3715.799312036031
2519,851.2664146779543
2520,-5428.676526605268
2521,322.2290409369816
2522,362.3450027469221
2523,420.2294722231636
2524,380.11351041322314
2525,687.6554064222687
2526,3347.380209812366
2527,1325.2197917254487
2528,4307.525102490085
2529,3715.799312036031
2530,7957.287493143185
2531,322.2290409369816
2532,322.2290409369816
2533,322.2290409369816
2534,380.11351041322314
2535,380.11351041322314
2536,687.6554064222687
2537,3347.380209812366
2538,1079.1065555873386
2539,4593.754300438136
2540,3961.912548174141
2541,891.3823764878948
2542,322.2290409369816
2543,322.2290409369816
2544,322.2290409369816
2545,420.2294722231636
2546,380.11351041322314
2547,687.6554064222687
2548,1079.1065555873386
2549,3593.493445950476
2550,4307.525102490085
2551,1487.6416196209434
2552,851.2664146779543
2553,362.3450027469221
2554,322.2290409369816
2555,322.2290409369816
2556,380.11351041322314
2557,380.11351041322314
2558,727.7713682322092
2559,20516.090544008293
2560,1325.2197917254487
2561,8233.965722021925
2562,-4833.141712343738
2563,851.2664146779543
2564,-5345.293516115173
2565,322.2290409369816
2566,322.2290409369816
2567,5674.167977890643
2568,380.11351041322314
2569,687.6554064222687
2570,3259.2003694683945
2571,1079.1065555873386
2572,2039.2514482650524
2573,1693.638893949113
2574,851.2664146779543
2575,322.2290409369816
2576,322.2290409369816
2577,322.2290409369816
2578,420.2294722231636
2579,380.11351041322314
2580,687.6554064222687
2581,3259.2003694683945
2582,3347.380209812366
2583,4307.525102490085
2584,3961.912548174141
2585,851.2664146779543
2586,-9429.190113126217
2587,18765.19000673419
2588,322.2290409369816
2589,-5391.278866919346
2590,380.11351041322314
2591,687.6554064222687
2592,3259.2003694683945
2593,1079.1065555873386
2594,2039.2514482650524
2595,3715.799312036031
2596,851.2664146779543
2597,322.2290409369816
2598,322.2290409369816
2599,322.2290409369816
2600,380.11351041322314
2601,380.11351041322314
2602,687.6554064222687
2603,990.9267152433671
2604,1079.1065555873386
2605,2039.2514482650524
2606,1693.638893949113
2607,851.2664146779543
2608,362.3450027469221
2609,322.2290409369816
2610,322.2290409369816
2611,380.11351041322314
2612,851.2664146779543
2613,687.6554064222687
2614,3259.2003694683945
2615,3347.380209812366
2616,2039.2514482650524
2617,3961.912548174141
2618,851.2664146779543
2619,322.2290409369816
2620,20897.416468423944
2621,322.2290409369816
2622,380.11351041322314
2623,-2462.378616966207
2624,687.6554064222687
2625,990.9267152433671
2626,3347.380209812366
2627,4307.525102490085
2628,3961.912548174141
2629,13762.540572486736
2630,322.2290409369816
2631,322.2290409369816
2632,322.2290409369816
2633,20032.078393179785
2634,420.2294722231636
2635,687.6554064222687
2636,990.9267152433671
2637,3347.380209812366
2638,2039.2514482650524
2639,3961.912548174141
2640,8263.9561161967
2641,362.3450027469221
2642,322.2290409369816
2643,322.2290409369816
2644,420.2294722231636
2645,380.11351041322314
2646,687.6554064222687
2647,990.9267152433671
2648,1079.1065555873386
2649,-4272.081899234088
2650,3961.912548174141
2651,851.2664146779543
2652,322.2290409369816
2653,362.3450027469221
2654,380.11351041322314
2655,380.11351041322314
2656,687.6554064222687
2657,990.9267152433671
2658,3347.380209812366
2659,2039.2514482650524
2660,1693.638893949113
2661,10390.988869819503
2662,322.2290409369816
2663,-1490.203419070191
2664,380.11351041322314
2665,-829.4883323367488
2666,687.6554064222687
2667,3259.2003694683945
2668,1079.1065555873386
2669,6112.857794578688
2670,3961.912548174141
2671,851.2664146779543
2672,322.2290409369816
2673,322.2290409369816
2674,420.2294722231636
2675,380.11351041322314
2676,687.6554064222687
2677,3259.2003694683945
2678,3347.380209812366
2679,2039.2514482650524
2680,-5307.055841740854
2681,851.2664146779543
2682,322.2290409369816
2683,-3603.4772455414754
2684,322.2290409369816
2685,380.11351041322314
2686,420.2294722231636
2687,687.6554064222687
2688,990.9267152433671
2689,3387.4961716223065
2690,4553.638338628196
2691,3961.912548174141
2692,851.2664146779543
2693,322.2290409369816
2694,322.2290409369816
2695,380.11351041322314
2696,380.11351041322314
2697,687.6554064222687
2698,3259.2003694683945
2699,1119.222517397279
2700,2285.3646844031614
2701,3961.912548174141
2702,891.3823764878948
2703,322.2290409369816
2704,362.3450027469221
2705,-5703.531471014546
2706,420.2294722231636
2707,27819.362297790052
2708,3259.2003694683945
2709,1325.2197917254487
2710,4334.2007145644475
2711,3961.912548174141
2712,891.3823764878948
2713,322.2290409369816
2714,851.2664146779543
2715,322.2290409369816
2716,380.11351041322314
2717,380.11351041322314
2718,145.9852887128199
2719,990.9267152433671
2720,3593.493445950476
2721,-2594.656657941465
2722,1693.638893949113
2723,977.9783983009922
2724,448.9410245600197
2725,448.9410245600197
2726,-11625.33609546409
2727,506.8254940362612
2728,2688.5031264481913
2729,3087.5748483487346
2730,8945.107914654474
2731,11676.334924846784
2732,17958.987970032977
2733,1820.3508775721511
2734,977.9783983009922
2735,448.9410245600197
2736,448.9410245600197
2737,448.9410245600197
2738,420.2294722231636
2739,420.2294722231636
2740,3333.6880844868447
2741,8945.107914654474
2742,1451.9317753484868
2743,2609.7769042823766
2744,16454.07874432774
2745,977.9783983009922
2746,448.9410245600197
2747,362.3450027469221
2748,448.9410245600197
2749,506.8254940362612
2750,18061.293916383627
2751,18606.169745225798
2752,1117.638698866405
2753,1205.8185392103767
2754,2609.7769042823766
2755,1820.3508775721511
2756,977.9783983009922
2757,362.3450027469221
2758,448.9410245600197
2759,448.9410245600197
2760,420.2294722231636
2761,506.8254940362612
2762,814.3673900453068
2763,8945.107914654474
2764,1205.8185392103767
2765,20584.360555813102
2766,1820.3508775721511
2767,977.9783983009922
2768,448.9410245600197
2769,448.9410245600197
2770,9467.339543232152
2771,506.8254940362612
2772,506.8254940362612
2773,1060.4806261834165
2774,7225.75695081018
2775,1205.8185392103767
2776,2325.480646213102
2777,16606.596358616705
2778,977.9783983009922
2779,448.9410245600197
2780,-1301.5746305067821
2781,448.9410245600197
2782,506.8254940362612
2783,506.8254940362612
2784,18750.7969691402
2785,8945.107914654474
2786,1119.222517397279
2787,16952.20891293264
2788,15955.078277489012
2789,14407.9951996171
2790,448.9410245600197
2791,448.9410245600197
2792,362.3450027469221
2793,506.8254940362612
2794,506.8254940362612
2795,1060.4806261834165
2796,10802.25636713165
2797,11922.448160984894
2798,2412.0766680261995
2799,2254.7788648802616
2800,977.9783983009922
2801,15878.188584027363
2802,448.9410245600197
2803,448.9410245600197
2804,506.8254940362612
2805,506.8254940362612
2806,3333.6880844868447
2807,1117.638698866405
2808,11922.448160984894
2809,17198.32214907075
2810,2254.7788648802616
2811,977.9783983009922
2812,448.9410245600197
2813,448.9410245600197
2814,448.9410245600197
2815,506.8254940362612
2816,506.8254940362612
2817,3087.5748483487346
2818,6433.004971990859
2819,11922.448160984894
2820,17198.32214907075
2821,17022.670282270854
2822,27619.332729615337
2823,1774.6388223372544
2824,448.9410245600197
2825,448.9410245600197
2826,420.2294722231636
2827,506.8254940362612
2828,3333.6880844868447
2829,1363.7519350045152
2830,15757.721165387098
2831,16300.690831804955
2832,2452.4791011364387
2833,977.9783983009922
2834,-12210.743368058504
2835,448.9410245600197
2836,448.9410245600197
2837,506.8254940362612
2838,2780.0329523396895
2839,3333.6880844868447
2840,6979.643714672069
2841,11676.334924846784
2842,16546.804067943056
2843,2452.4791011364387
2844,977.9783983009922
2845,448.9410245600197
2846,448.9410245600197
2847,448.9410245600197
2848,2780.0329523396895
2849,2688.5031264481913
2850,3333.6880844868447
2851,1363.7519350045152
2852,1119.222517397279
2853,17198.32214907075
2854,2254.7788648802616
2855,977.9783983009922
2856,448.9410245600197
2857,448.9410245600197
2858,3876.452327824751
2859,2780.0329523396895
2860,2780.0329523396895
2861,3087.5748483487346
2862,1277.1559131914175
2863,9956.983961002488
2864,16546.804067943056
2865,2254.7788648802616
2866,977.9783983009922
2867,362.3450027469221
2868,448.9410245600197
2869,448.9410245600197
2870,506.8254940362612
2871,506.8254940362612
2872,3087.5748483487346
2873,8945.107914654474
2874,11922.448160984894
2875,2609.7769042823766
2876,17041.024345924816
2877,11118.464158224519
2878,448.9410245600197
2879,448.9410245600197
2880,-11722.061353715431
2881,506.8254940362612
2882,2287.554595989099
2883,3333.6880844868447
2884,1117.638698866405
2885,1205.8185392103767
2886,6094.088664423927
2887,17801.69016688704
2888,851.2664146779543
2889,322.2290409369816
2890,380.11351041322314
2891,380.11351041322314
2892,687.6554064222687
2893,990.9267152433671
2894,1079.1065555873386
2895,1356.1347310979068
2896,1447.525657811003
2897,851.2664146779543
2898,322.2290409369816
2899,380.11351041322314
2900,380.11351041322314
2901,727.7713682322092
2902,990.9267152433671
2903,1079.1065555873386
2904,1356.1347310979068
2905,11059.313258488557
2906,851.2664146779543
2907,15906.313668413122
2908,380.11351041322314
2909,6920.721836931994
2910,687.6554064222687
2911,1031.0426770533074
2912,1079.1065555873386
2913,1356.1347310979068
2914,1487.6416196209434
2915,851.2664146779543
2916,362.3450027469221
2917,420.2294722231636
2918,380.11351041322314
2919,687.6554064222687
2920,990.9267152433671
2921,1079.1065555873386
2922,1356.1347310979068
2923,1487.6416196209434
2924,851.2664146779543
2925,322.2290409369816
2926,380.11351041322314
2927,380.11351041322314
2928,687.6554064222687
2929,3514.3905746157347
2930,1079.1065555873386
2931,1356.1347310979068
2932,1447.525657811003
2933,851.2664146779543
2934,5401.664976294827
2935,380.11351041322314
2936,380.11351041322314
2937,687.6554064222687
2938,990.9267152433671
2939,1079.1065555873386
2940,1356.1347310979068
2941,1693.638893949113
2942,851.2664146779543
2943,322.2290409369816
2944,380.11351041322314
2945,380.11351041322314
2946,687.6554064222687
2947,990.9267152433671
2948,1079.1065555873386
2949,1356.1347310979068
2950,1447.525657811003
2951,851.2664146779543
2952,322.2290409369816
2953,380.11351041322314
2954,2335.0316667279026
2955,727.7713682322092
2956,990.9267152433671
2957,1079.1065555873386
2958,1356.1347310979068
2959,1447.525657811003
2960,891.3823764878948
2961,322.2290409369816
2962,380.11351041322314
2963,420.2294722231636
2964,687.6554064222687
2965,912.3931022538226
2966,1079.1065555873386
2967,1396.2506929078472
2968,-2769.522777901589
2969,851.2664146779543
2970,322.2290409369816
2971,380.11351041322314
2972,380.11351041322314
2973,687.6554064222687
2974,990.9267152433671
2975,1079.1065555873386
2976,1356.1347310979068
2977,-9601.325770401723
2978,851.2664146779543
2979,322.2290409369816
2980,15100.12157099419
2981,380.11351041322314
2982,687.6554064222687
2983,990.9267152433671
2984,1079.1065555873386
2985,1356.1347310979068
2986,1447.525657811003
2987,851.2664146779543
2988,322.2290409369816
2989,380.11351041322314
2990,380.11351041322314
2991,687.6554064222687
2992,13090.228584063361
2993,1079.1065555873386
2994,1356.1347310979068
2995,1447.525657811003
2996,851.2664146779543
2997,84.60504012313605
2998,380.11351041322314
2999,380.11351041322314
3000,687.6554064222687
3001,23578.218032095287
3002,1079.1065555873386
3003,1356.1347310979068
3004,1447.525657811003
3005,851.2664146779543
3006,322.2290409369816
3007,380.11351041322314
3008,380.11351041322314
3009,687.6554064222687
3010,851.2664146779543
3011,1079.1065555873386
3012,-5067.28596163346
3013,1447.525657811003
3014,851.2664146779543
3015,1403.648681927673
3016,380.11351041322314
3017,380.11351041322314
3018,687.6554064222687
3019,990.9267152433671
3020,1079.1065555873386
3021,4085.316359521775
3022,1891.3391302052903
3023,851.2664146779543
3024,322.2290409369816
3025,-1703.7280752021775
3026,322.2290409369816
3027,380.11351041322314
3028,380.11351041322314
3029,687.6554064222687
3030,3259.2003694683945
3031,3347.380209812366
3032,275.76488082594557
3033,1447.525657811003
3034,969.9159894774396
3035,322.2290409369816
3036,322.2290409369816
3037,322.2290409369816
3038,380.11351041322314
3039,380.11351041322314
3040,687.6554064222687
3041,2578.7784555383455
3042,3347.380209812366
3043,4553.638338628196
3044,1447.525657811003
3045,851.2664146779543
3046,322.2290409369816
3047,322.2290409369816
3048,-11258.677693153726
3049,-4235.898384904347
3050,380.11351041322314
3051,2996.0450224572364
3052,1031.0426770533074
3053,3347.380209812366
3054,4553.638338628196
3055,3961.912548174141
3056,851.2664146779543
3057,322.2290409369816
3058,322.2290409369816
3059,322.2290409369816
3060,380.11351041322314
3061,380.11351041322314
3062,5741.636653796348
3063,-1202.5542849677786
3064,3532.3667583746083
3065,16976.491146423763
3066,3715.799312036031
3067,851.2664146779543
3068,322.2290409369816
3069,322.2290409369816
3070,322.2290409369816
3071,380.11351041322314
3072,380.11351041322314
3073,2996.0450224572364
3074,3259.2003694683945
3075,3633.6094077604166
3076,4307.525102490085
3077,3961.912548174141
3078,851.2664146779543
3079,322.2290409369816
3080,322.2290409369816
3081,322.2290409369816
3082,380.11351041322314
3083,380.11351041322314
3084,7785.980906609996
3085,3299.316331278335
3086,1079.1065555873386
3087,2079.367410074993
3088,3603.397659557007
3089,851.2664146779543
3090,322.2290409369816
3091,362.3450027469221
3092,322.2290409369816
3093,380.11351041322314
3094,-24839.289309971984
3095,2955.929060647296
3096,3299.316331278335
3097,3593.493445950476
3098,4307.525102490085
3099,3715.799312036031
3100,851.2664146779543
3101,-9149.118170415957
3102,322.2290409369816
3103,-4630.410895471196
3104,380.11351041322314
3105,380.11351041322314
3106,1763.22774648775
3107,3299.316331278335
3108,1325.2197917254487
3109,2039.2514482650524
3110,1693.638893949113
3111,851.2664146779543
3112,322.2290409369816
3113,322.2290409369816
3114,322.2290409369816
3115,420.2294722231636
3116,420.2294722231636
3117,2996.0450224572364
3118,3259.2003694683945
3119,1325.2197917254487
3120,4307.525102490085
3121,1447.525657811003
3122,851.2664146779543
3123,322.2290409369816
3124,322.2290409369816
3125,322.2290409369816
3126,851.2664146779543
3127,380.11351041322314
3128,687.6554064222687
3129,990.9267152433671
3130,3593.493445950476
3131,2285.3646844031614
3132,3961.912548174141
3133,2815.944865941915
3134,322.2290409369816
3135,362.3450027469221
3136,362.3450027469221
3137,380.11351041322314
3138,420.2294722231636
3139,2955.929060647296
3140,3259.2003694683945
3141,3633.6094077604166
3142,4307.525102490085
3143,3961.912548174141
3144,851.2664146779543
3145,322.2290409369816
3146,322.2290409369816
3147,322.2290409369816
3148,380.11351041322314
3149,420.2294722231636
3150,2955.929060647296
3151,990.9267152433671
3152,1079.1065555873386
3153,8233.965722021925
3154,3961.912548174141
3155,851.2664146779543
3156,322.2290409369816
3157,322.2290409369816
3158,362.3450027469221
3159,380.11351041322314
3160,380.11351041322314
3161,687.6554064222687
3162,990.9267152433671
3163,1325.2197917254487
3164,2285.3646844031614
3165,1733.7548557590535
3166,851.2664146779543
3167,322.2290409369816
3168,322.2290409369816
3169,322.2290409369816
3170,380.11351041322314
3171,380.11351041322314
3172,23176.875354790765
3173,3505.3136056065046
3174,-6640.350415076698
3175,7987.8524858838155
3176,3961.912548174141
3177,851.2664146779543
3178,322.2290409369816
3179,322.2290409369816
3180,322.2290409369816
3181,380.11351041322314
3182,-8927.6646048305
3183,2955.929060647296
3184,3347.380209812366
3185,7273.82082934421
3186,8233.965722021925
3187,1693.638893949113
3188,851.2664146779543
3189,322.2290409369816
3190,380.11351041322314
3191,380.11351041322314
3192,687.6554064222687
3193,990.9267152433671
3194,1079.1065555873386
3195,5783.884775880531
3196,1397.9836148395555
3197,891.3823764878948
3198,322.2290409369816
3199,-1338.2319441983998
3200,420.2294722231636
3201,687.6554064222687
3202,912.3931022538226
3203,1079.1065555873386
3204,1356.1347310979068
3205,1603.980889167725
3206,851.2664146779543
3207,322.2290409369816
3208,380.11351041322314
3209,380.11351041322314
3210,687.6554064222687
3211,912.3931022538226
3212,1079.1065555873386
3213,1356.1347310979068
3214,1397.9836148395555
3215,851.2664146779543
3216,362.3450027469221
3217,380.11351041322314
3218,380.11351041322314
3219,687.6554064222687
3220,912.3931022538226
3221,10616.21178740276
3222,1356.1347310979068
3223,1357.867653029615
3224,851.2664146779543
3225,322.2290409369816
3226,380.11351041322314
3227,-2003.9084436218682
3228,687.6554064222687
3229,990.9267152433671
3230,1079.1065555873386
3231,1356.1347310979068
3232,1733.7548557590535
3233,851.2664146779543
3234,362.3450027469221
3235,380.11351041322314
3236,380.11351041322314
3237,687.6554064222687
3238,912.3931022538226
3239,1079.1065555873386
3240,1396.2506929078472
3241,1693.638893949113
3242,851.2664146779543
3243,8102.830507203832
3244,380.11351041322314
3245,420.2294722231636
3246,687.6554064222687
3247,912.3931022538226
3248,1079.1065555873386
3249,636.8417776293469
3250,1693.638893949113
3251,851.2664146779543
3252,9589.834433370512
3253,380.11351041322314
3254,380.11351041322314
3255,687.6554064222687
3256,912.3931022538226
3257,1079.1065555873386
3258,1356.1347310979068
3259,1447.525657811003
3260,851.2664146779543
3261,322.2290409369816
3262,964.2208600791586
3263,380.11351041322314
3264,687.6554064222687
3265,912.3931022538226
3266,1079.1065555873386
3267,1356.1347310979068
3268,1447.525657811003
3269,851.2664146779543
3270,-1854.9579936017096
3271,380.11351041322314
3272,380.11351041322314
3273,687.6554064222687
3274,26970.27361596629
3275,1079.1065555873386
3276,1356.1347310979068
3277,1447.525657811003
3278,851.2664146779543
3279,322.2290409369816
3280,380.11351041322314
3281,380.11351041322314
3282,687.6554064222687
3283,990.9267152433671
3284,1079.1065555873386
3285,1356.1347310979068
3286,1447.525657811003
3287,851.2664146779543
3288,322.2290409369816
3289,851.2664146779543
3290,380.11351041322314
3291,380.11351041322314
3292,687.6554064222687
3293,912.3931022538226
3294,1119.222517397279
3295,1356.1347310979068
3296,1693.638893949113
3297,851.2664146779543
3298,362.3450027469221
3299,420.2294722231636
3300,420.2294722231636
3301,687.6554064222687
3302,990.9267152433671
3303,8780.479012683005
3304,1356.1347310979068
3305,1693.638893949113
3306,851.2664146779543
3307,322.2290409369816
3308,7754.118965996996
3309,5346.830928903614
3310,727.7713682322092
3311,990.9267152433671
3312,-2326.21556954016
3313,1396.2506929078472
3314,1693.638893949113
3315,851.2664146779543
3316,322.2290409369816
3317,380.11351041322314
3318,380.11351041322314
3319,727.7713682322092
3320,990.9267152433671
3321,1079.1065555873386
3322,-1777.0532106636547
3323,1357.867653029615
3324,891.3823764878948
3325,448.9410245600197
3326,448.9410245600197
3327,448.9410245600197
3328,506.8254940362612
3329,17251.92723987221
3330,3082.641044270334
3331,1363.7519350045152
3332,3474.092193435404
3333,8360.677705644965
3334,1820.3508775721511
3335,1056.512011290537
3336,9644.499185215589
3337,448.9410245600197
3338,12740.697770935565
3339,506.8254940362612
3340,506.8254940362612
3341,3082.641044270334
3342,3385.9123530914326
3343,1451.9317753484868
3344,2412.0766680261995
3345,1820.3508775721511
3346,977.9783983009922
3347,362.3450027469221
3348,448.9410245600197
3349,-3327.361361757201
3350,506.8254940362612
3351,506.8254940362612
3352,2996.0450224572364
3353,3385.9123530914326
3354,1365.3357535353891
3355,8360.677705644965
3356,4088.6245317971807
3357,10166.315753807256
3358,448.9410245600197
3359,448.9410245600197
3360,448.9410245600197
3361,506.8254940362612
3362,506.8254940362612
3363,3082.641044270334
3364,3632.0255892295427
3365,1451.9317753484868
3366,8360.677705644965
3367,4088.6245317971807
3368,977.9783983009922
3369,448.9410245600197
3370,448.9410245600197
3371,448.9410245600197
3372,506.8254940362612
3373,506.8254940362612
3374,814.3673900453068
3375,1363.7519350045152
3376,7400.532812967248
3377,11336.271632242993
3378,4088.6245317971807
3379,891.3823764878948
3380,448.9410245600197
3381,448.9410245600197
3382,448.9410245600197
3383,506.8254940362612
3384,506.8254940362612
3385,3082.641044270334
3386,3385.9123530914326
3387,1205.8185392103767
3388,2165.96343188809
3389,1820.3508775721511
3390,977.9783983009922
3391,448.9410245600197
3392,448.9410245600197
3393,448.9410245600197
3394,420.2294722231636
3395,977.9783983009922
3396,814.3673900453068
3397,1117.638698866405
3398,7834.690017333554
3399,2412.0766680261995
3400,17907.100601810842
3401,977.9783983009922
3402,448.9410245600197
3403,362.3450027469221
3404,448.9410245600197
3405,506.8254940362612
3406,506.8254940362612
3407,-11069.626873393989
3408,15888.334760018253
3409,1365.3357535353891
3410,8360.677705644965
3411,1820.3508775721511
3412,977.9783983009922
3413,448.9410245600197
3414,448.9410245600197
3415,448.9410245600197
3416,506.8254940362612
3417,506.8254940362612
3418,814.3673900453068
3419,3632.0255892295427
3420,7400.532812967248
3421,2165.96343188809
3422,4088.6245317971807
3423,977.9783983009922
3424,448.9410245600197
3425,448.9410245600197
3426,448.9410245600197
3427,506.8254940362612
3428,506.8254940362612
3429,3082.641044270334
3430,1117.638698866405
3431,7400.532812967248
3432,8360.677705644965
3433,16432.867331135327
3434,977.9783983009922
3435,448.9410245600197
3436,448.9410245600197
3437,448.9410245600197
3438,506.8254940362612
3439,506.8254940362612
3440,814.3673900453068
3441,7312.352972623277
3442,7400.532812967248
3443,8053.437781930985
3444,7682.355893377816
3445,977.9783983009922
3446,448.9410245600197
3447,22922.277638994496
3448,448.9410245600197
3449,506.8254940362612
3450,506.8254940362612
3451,3082.641044270334
3452,7400.532812967248
3453,7154.419576829137
3454,4447.991961731042
3455,7768.9519151909135
3456,891.3823764878948
3457,362.3450027469221
3458,448.9410245600197
3459,448.9410245600197
3460,506.8254940362612
3461,506.8254940362612
3462,814.3673900453068
3463,7400.532812967248
3464,1205.8185392103767
3465,8360.677705644965
3466,1820.3508775721511
3467,977.9783983009922
3468,448.9410245600197
3469,448.9410245600197
3470,448.9410245600197
3471,506.8254940362612
3472,420.2294722231636
3473,814.3673900453068
3474,1205.8185392103767
3475,32049.166929159015
3476,8360.677705644965
3477,7768.9519151909135
3478,12210.195894736184
3479,448.9410245600197
3480,448.9410245600197
3481,448.9410245600197
3482,506.8254940362612
3483,506.8254940362612
3484,3082.641044270334
3485,10593.340208710777
3486,1205.8185392103767
3487,11003.724875493303
3488,7768.9519151909135
3489,1182.6751607210535
3490,653.6377869800815
3491,653.6377869800815
3492,653.6377869800815
3493,711.522256456323
3494,711.522256456323
3495,5973.8640499860585
3496,13123.403605363827
3497,16232.468167549632
3498,21776.38349121156
3499,16751.58907682575
3500,1182.6751607210535
3501,653.6377869800815
3502,653.6377869800815
3503,22249.164980640624
3504,3117.973419995775
3505,3117.973419995775
3506,1019.0641524653685
3507,13123.403605363827
3508,12572.463837854735
3509,-18821.989092435033
3510,19120.95571753989
3511,1182.6751607210535
3512,653.6377869800815
3513,653.6377869800815
3514,3060.088950519534
3515,3117.973419995775
3516,3117.973419995775
3517,6219.977286124169
3518,13369.516841501936
3519,13223.981918982432
3520,21776.38349121156
3521,1733.7548557590535
3522,1182.6751607210535
3523,653.6377869800815
3524,653.6377869800815
3525,3060.088950519534
3526,3117.973419995775
3527,3117.973419995775
3528,1019.0641524653685
3529,6408.981557457984
3530,1656.6285377685483
3531,2814.473666702438
3532,20206.9017859757
3533,1182.6751607210535
3534,653.6377869800815
3535,653.6377869800815
3536,653.6377869800815
3537,3117.973419995775
3538,711.522256456323
3539,-21825.358832348178
3540,12484.283997510764
3541,16247.875303311137
3542,2814.473666702438
3543,2459.475627300323
3544,1182.6751607210535
3545,653.6377869800815
3546,653.6377869800815
3547,653.6377869800815
3548,3117.973419995775
3549,2688.5031264481913
3550,4723.188357664516
3551,1568.4486974245767
3552,17111.745421161464
3553,35877.29817336778
3554,-1533.960886137874
3555,23720.250856085248
3556,362.3450027469221
3557,653.6377869800815
3558,653.6377869800815
3559,711.522256456323
3560,3117.973419995775
3561,3479.0958410593908
3562,12484.283997510764
3563,16460.227340033784
3564,20897.106237599717
3565,2459.475627300323
3566,1182.6751607210535
3567,13487.115494177011
3568,653.6377869800815
3569,653.6377869800815
3570,420.2294722231636
3571,711.522256456323
3572,1019.0641524653685
3573,15738.883482216073
3574,1854.3287740247256
3575,21124.86541008386
3576,20188.547722321735
3577,1182.6751607210535
3578,653.6377869800815
3579,653.6377869800815
3580,653.6377869800815
3581,3117.973419995775
3582,420.2294722231636
3583,1019.0641524653685
3584,1322.3354612864666
3585,17011.48805216581
3586,2814.473666702438
3587,44009.10604824375
3588,1182.6751607210535
3589,653.6377869800815
3590,653.6377869800815
3591,653.6377869800815
3592,711.522256456323
3593,3117.973419995775
3594,1265.177388603478
3595,8734.79078667823
3596,1854.3287740247256
3597,2814.473666702438
3598,15439.01291060413
3599,1182.6751607210535
3600,653.6377869800815
3601,653.6377869800815
3602,3060.088950519534
3603,3117.973419995775
3604,-13585.501745053038
3605,6219.977286124169
3606,-8517.762709601251
3607,1119.222517397279
3608,4844.926461364549
3609,20985.921670591888
3610,1182.6751607210535
3611,653.6377869800815
3612,653.6377869800815
3613,-2050.852006743962
3614,3117.973419995775
3615,3117.973419995775
3616,6219.977286124169
3617,1322.3354612864666
3618,19473.51913992099
3619,-7098.363946219122
3620,21867.77441792466
3621,1182.6751607210535
3622,9157.056703484548
3623,362.3450027469221
3624,362.3450027469221
3625,3117.973419995775
3626,-6690.355130737916
3627,5973.8640499860585
3628,17802.58546543368
3629,1854.3287740247256
3630,2814.473666702438
3631,21867.77441792466
3632,8643.35294407778
3633,12814.05195449263
3634,653.6377869800815
3635,2431.1321351205847
3636,3117.973419995775
3637,3364.0866561338853
3638,1019.0641524653685
3639,16923.308211821837
3640,19473.51913992099
3641,2370.6601943081514
3642,2708.1643571593577
3643,1182.6751607210535
3644,653.6377869800815
3645,653.6377869800815
3646,653.6377869800815
3647,711.522256456323
3648,2934.6163625863014
3649,9109.137692110618
3650,13668.708727116536
3651,30853.183306341736
3652,32158.801376553165
3653,22568.67550473522
3654,851.2664146779543
3655,-11912.829719249208
3656,322.2290409369816
3657,322.2290409369816
3658,380.11351041322314
3659,380.11351041322314
3660,851.2664146779543
3661,912.3931022538226
3662,1079.1065555873386
3663,1790.562718406019
3664,1447.525657811003
3665,891.3823764878948
3666,322.2290409369816
3667,322.2290409369816
3668,322.2290409369816
3669,380.11351041322314
3670,380.11351041322314
3671,687.6554064222687
3672,912.3931022538226
3673,1079.1065555873386
3674,1790.562718406019
3675,1447.525657811003
3676,851.2664146779543
3677,322.2290409369816
3678,322.2290409369816
3679,362.3450027469221
3680,380.11351041322314
3681,380.11351041322314
3682,727.7713682322092
3683,912.3931022538226
3684,1017.9798680114706
3685,1830.6786802159595
3686,1733.7548557590535
3687,851.2664146779543
3688,362.3450027469221
3689,322.2290409369816
3690,-1760.5363587158786
3691,-2810.502468087007
3692,-6644.76643084292
3693,-102.92315006644488
3694,912.3931022538226
3695,1079.1065555873386
3696,1830.6786802159595
3697,1447.525657811003
3698,851.2664146779543
3699,322.2290409369816
3700,362.3450027469221
3701,322.2290409369816
3702,420.2294722231636
3703,380.11351041322314
3704,687.6554064222687
3705,912.3931022538226
3706,1079.1065555873386
3707,1790.562718406019
3708,1447.525657811003
3709,891.3823764878948
3710,322.2290409369816
3711,322.2290409369816
3712,322.2290409369816
3713,380.11351041322314
3714,380.11351041322314
3715,687.6554064222687
3716,912.3931022538226
3717,1079.1065555873386
3718,1790.562718406019
3719,1447.525657811003
3720,851.2664146779543
3721,5135.417121181477
3722,322.2290409369816
3723,322.2290409369816
3724,2911.807508663309
3725,11761.021111399907
3726,-5068.684830916096
3727,7604.102304654413
3728,1079.1065555873386
3729,6980.822837946856
3730,1447.525657811003
3731,851.2664146779543
3732,322.2290409369816
3733,322.2290409369816
3734,322.2290409369816
3735,380.11351041322314
3736,420.2294722231636
3737,25917.7143335996
3738,912.3931022538226
3739,1079.1065555873386
3740,309.6321402439461
3741,3715.799312036031
3742,891.3823764878948
3743,322.2290409369816
3744,322.2290409369816
3745,362.3450027469221
3746,420.2294722231636
3747,380.11351041322314
3748,687.6554064222687
3749,2503.233125355623
3750,1079.1065555873386
3751,4098.952334440988
3752,1693.638893949113
3753,851.2664146779543
3754,362.3450027469221
3755,322.2290409369816
3756,322.2290409369816
3757,380.11351041322314
3758,380.11351041322314
3759,687.6554064222687
3760,12380.824969992382
3761,1119.222517397279
3762,4058.8363726310467
3763,3961.912548174141
3764,891.3823764878948
3765,7185.163945260661
3766,322.2290409369816
3767,322.2290409369816
3768,20499.013033599465
3769,380.11351041322314
3770,687.6554064222687
3771,912.3931022538226
3772,1119.222517397279
3773,1790.562718406019
3774,3715.799312036031
3775,851.2664146779543
3776,322.2290409369816
3777,322.2290409369816
3778,322.2290409369816
3779,380.11351041322314
3780,380.11351041322314
3781,687.6554064222687
3782,912.3931022538226
3783,26165.22118845947
3784,1790.562718406019
3785,1693.638893949113
3786,891.3823764878948
3787,322.2290409369816
3788,322.2290409369816
3789,322.2290409369816
3790,380.11351041322314
3791,380.11351041322314
3792,3982.0952624101624
3793,912.3931022538226
3794,1079.1065555873386
3795,1830.6786802159595
3796,3961.912548174141
3797,851.2664146779543
3798,322.2290409369816
3799,322.2290409369816
3800,-11899.244320249167
3801,380.11351041322314
3802,851.2664146779543
3803,687.6554064222687
3804,24170.315004629385
3805,1119.222517397279
3806,2039.2514482650524
3807,1447.525657811003
3808,851.2664146779543
3809,-2930.6609170968363
3810,322.2290409369816
3811,322.2290409369816
3812,380.11351041322314
3813,380.11351041322314
3814,687.6554064222687
3815,990.9267152433671
3816,1079.1065555873386
3817,1830.6786802159595
3818,3715.799312036031
3819,891.3823764878948
3820,322.2290409369816
3821,380.11351041322314
3822,380.11351041322314
3823,687.6554064222687
3824,912.3931022538226
3825,1079.1065555873386
3826,1356.1347310979068
3827,1357.867653029615
3828,322.2290409369816
3829,380.11351041322314
3830,380.11351041322314
3831,687.6554064222687
3832,912.3931022538226
3833,1079.1065555873386
3834,1356.1347310979068
3835,1357.867653029615
3836,322.2290409369816
3837,380.11351041322314
3838,380.11351041322314
3839,687.6554064222687
3840,912.3931022538226
3841,1079.1065555873386
3842,1356.1347310979068
3843,1357.867653029615
3844,851.2664146779543
3845,322.2290409369816
3846,380.11351041322314
3847,380.11351041322314
3848,687.6554064222687
3849,912.3931022538226
3850,1079.1065555873386
3851,1356.1347310979068
3852,1357.867653029615
3853,322.2290409369816
3854,380.11351041322314
3855,26592.001581166023
3856,687.6554064222687
3857,912.3931022538226
3858,23686.661091693695
3859,1356.1347310979068
3860,1357.867653029615
3861,11667.352856538257
3862,380.11351041322314
3863,380.11351041322314
3864,687.6554064222687
3865,912.3931022538226
3866,1079.1065555873386
3867,1356.1347310979068
3868,1603.980889167725
3869,-16630.83835252998
3870,380.11351041322314
3871,380.11351041322314
3872,687.6554064222687
3873,912.3931022538226
3874,1079.1065555873386
3875,1356.1347310979068
3876,1357.867653029615
3877,322.2290409369816
3878,2732.4983081524774
3879,380.11351041322314
3880,687.6554064222687
3881,952.509064063763
3882,27515.224878024626
3883,1356.1347310979068
3884,3718.6776869328423
3885,6915.897897640791
3886,380.11351041322314
3887,380.11351041322314
3888,687.6554064222687
3889,912.3931022538226
3890,1079.1065555873386
3891,1356.1347310979068
3892,3472.5644507947322
3893,322.2290409369816
3894,380.11351041322314
3895,380.11351041322314
3896,687.6554064222687
3897,912.3931022538226
3898,3341.0511161260597
3899,1356.1347310979068
3900,1357.867653029615
3901,322.2290409369816
3902,2411.4360677667164
3903,380.11351041322314
3904,851.2664146779543
3905,952.509064063763
3906,1079.1065555873386
3907,1396.2506929078472
3908,1357.867653029615
3909,322.2290409369816
3910,380.11351041322314
3911,380.11351041322314
3912,727.7713682322092
3913,912.3931022538226
3914,1079.1065555873386
3915,1356.1347310979068
3916,1357.867653029615
3917,322.2290409369816
3918,380.11351041322314
3919,380.11351041322314
3920,687.6554064222687
3921,912.3931022538226
3922,1119.222517397279
3923,1396.2506929078472
3924,1357.867653029615
3925,322.2290409369816
3926,380.11351041322314
3927,380.11351041322314
3928,727.7713682322092
3929,912.3931022538226
3930,27311.354748940463
3931,1356.1347310979068
3932,1357.867653029615
3933,16912.807322499844
3934,380.11351041322314
3935,380.11351041322314
3936,14624.126790337517
3937,990.9267152433671
3938,22990.79832932024
3939,1356.1347310979068
3940,1252.2555723990326
3941,1181.5754197417295
3942,362.3450027469221
3943,362.3450027469221
3944,362.3450027469221
3945,420.2294722231636
3946,420.2294722231636
3947,17187.669176842148
3948,3299.316331278335
3949,12432.304846049545
3950,8274.081683831866
3951,4002.0285099840817
3952,891.3823764878948
3953,-7368.751237488833
3954,362.3450027469221
3955,362.3450027469221
3956,420.2294722231636
3957,17780.202250258473
3958,4717.385084815538
3959,1277.1559131914175
3960,3633.6094077604166
3961,1693.6758590475374
3962,4002.0285099840817
3963,891.3823764878948
3964,6233.725193936422
3965,362.3450027469221
3966,362.3450027469221
3967,420.2294722231636
3968,-6674.389457056294
3969,727.7713682322092
3970,1277.1559131914175
3971,1365.3357535353891
3972,2079.367410074993
3973,26514.42434519884
3974,891.3823764878948
3975,362.3450027469221
3976,362.3450027469221
3977,362.3450027469221
3978,19591.770932942185
3979,420.2294722231636
3980,727.7713682322092
3981,1277.1559131914175
3982,3633.6094077604166
3983,2325.480646213102
3984,4002.0285099840817
3985,891.3823764878948
3986,362.3450027469221
3987,362.3450027469221
3988,362.3450027469221
3989,420.2294722231636
3990,6196.780819293649
3991,2996.0450224572364
3992,1277.1559131914175
3993,3633.6094077604166
3994,8274.081683831866
3995,7682.355893377816
3996,891.3823764878948
3997,362.3450027469221
3998,362.3450027469221
3999,362.3450027469221
4000,420.2294722231636
4001,420.2294722231636
4002,2996.0450224572364
4003,159.124094854342
4004,3387.4961716223065
4005,8027.9684476937555
4006,7682.355893377816
4007,891.3823764878948
4008,362.3450027469221
4009,362.3450027469221
4010,362.3450027469221
4011,420.2294722231636
4012,420.2294722231636
4013,2996.0450224572364
4014,3545.429567416445
4015,7067.82355501604
4016,2325.480646213102
4017,7682.355893377816
4018,891.3823764878948
4019,362.3450027469221
4020,12425.958332444252
4021,362.3450027469221
4022,-9854.091485280464
4023,420.2294722231636
4024,2996.0450224572364
4025,1031.0426770533074
4026,7313.93679115415
4027,8027.9684476937555
4028,5368.8546406376945
4029,891.3823764878948
4030,362.3450027469221
4031,362.3450027469221
4032,362.3450027469221
4033,420.2294722231636
4034,3422.6087605954463
4035,2996.0450224572364
4036,3299.316331278335
4037,1365.3357535353891
4038,8274.081683831866
4039,7682.355893377816
4040,6371.545870498808
4041,362.3450027469221
4042,362.3450027469221
4043,362.3450027469221
4044,420.2294722231636
4045,420.2294722231636
4046,2996.0450224572364
4047,1277.1559131914175
4048,7067.82355501604
4049,8027.9684476937555
4050,1733.7548557590535
4051,891.3823764878948
4052,362.3450027469221
4053,362.3450027469221
4054,1836.6615393616753
4055,420.2294722231636
4056,-3591.2378724915984
4057,2996.0450224572364
4058,3545.429567416445
4059,7067.82355501604
4060,25625.432025252707
4061,7682.355893377816
4062,891.3823764878948
4063,362.3450027469221
4064,362.3450027469221
4065,362.3450027469221
4066,420.2294722231636
4067,420.2294722231636
4068,2996.0450224572364
4069,1277.1559131914175
4070,7067.82355501604
4071,2079.367410074993
4072,7682.355893377816
4073,891.3823764878948
4074,-9944.81024917185
4075,362.3450027469221
4076,362.3450027469221
4077,420.2294722231636
4078,420.2294722231636
4079,2996.0450224572364
4080,3545.429567416445
4081,10617.129389028642
4082,1907.775998706102
4083,7682.355893377816
4084,891.3823764878948
4085,362.3450027469221
4086,362.3450027469221
4087,362.3450027469221
4088,420.2294722231636
4089,420.2294722231636
4090,727.7713682322092
4091,1277.1559131914175
4092,7313.93679115415
4093,8027.9684476937555
4094,7682.355893377816
4095,891.3823764878948
4096,362.3450027469221
4097,362.3450027469221
4098,362.3450027469221
4099,420.2294722231636
4100,-5759.579765778914
4101,2996.0450224572364
4102,7225.75695081018
4103,1365.3357535353891
4104,2325.480646213102
4105,7682.355893377816
4106,891.3823764878948
4107,362.3450027469221
4108,362.3450027469221
4109,-271.84000814359894
4110,420.2294722231636
4111,420.2294722231636
4112,2996.0450224572364
4113,952.509064063763
4114,3387.4961716223065
4115,8027.9684476937555
4116,4002.0285099840817
4117,891.3823764878948
4118,1388.668665402851
4119,362.3450027469221
4120,362.3450027469221
4121,420.2294722231636
4122,420.2294722231636
4123,2996.0450224572364
4124,952.509064063763
4125,3387.4961716223065
4126,8027.9684476937555
4127,4002.0285099840817
4128,19876.62178315071
4129,19214.233097438173
4130,362.3450027469221
4131,362.3450027469221
4132,420.2294722231636
4133,420.2294722231636
4134,727.7713682322092
4135,4557.349729425248
4136,1119.222517397279
4137,8274.081683831866
4138,4002.0285099840817
4139,891.3823764878948
4140,362.3450027469221
4141,362.3450027469221
4142,362.3450027469221
4143,420.2294722231636
4144,420.2294722231636
4145,2996.0450224572364
4146,952.509064063763
4147,3387.4961716223065
4148,8212.954996255998
4149,4002.0285099840817
4150,891.3823764878948
4151,362.3450027469221
4152,362.3450027469221
4153,362.3450027469221
4154,420.2294722231636
4155,13586.726374497317
4156,2996.0450224572364
4157,1031.0426770533074
4158,1365.3357535353891
4159,15284.16318142108
4160,1733.7548557590535
4161,891.3823764878948
4162,17991.164005727507
4163,4314.300043813331
4164,362.3450027469221
4165,420.2294722231636
4166,420.2294722231636
4167,727.7713682322092
4168,3299.316331278335
4169,3633.6094077604166
4170,8274.081683831866
4171,7682.355893377816
4172,891.3823764878948
4173,362.3450027469221
4174,362.3450027469221
4175,362.3450027469221
4176,420.2294722231636
4177,420.2294722231636
4178,2996.0450224572364
4179,3220.78271828879
4180,3633.6094077604166
4181,8027.9684476937555
4182,7682.355893377816
4183,891.3823764878948
4184,362.3450027469221
4185,362.3450027469221
4186,362.3450027469221
4187,420.2294722231636
4188,420.2294722231636
4189,2996.0450224572364
4190,1031.0426770533074
4191,3633.6094077604166
4192,12952.578632107101
4193,7682.355893377816
4194,891.3823764878948
4195,362.3450027469221
4196,362.3450027469221
4197,362.3450027469221
4198,420.2294722231636
4199,420.2294722231636
4200,727.7713682322092
4201,3299.316331278335
4202,3633.6094077604166
4203,2325.480646213102
4204,1733.7548557590535
4205,891.3823764878948
4206,362.3450027469221
4207,-3540.582806852265
4208,11229.660976542727
4209,-15524.82810392252
4210,420.2294722231636
4211,727.7713682322092
4212,3299.316331278335
4213,3387.4961716223065
4214,8274.081683831866
4215,7682.355893377816
4216,891.3823764878948
4217,362.3450027469221
4218,362.3450027469221
4219,362.3450027469221
4220,420.2294722231636
4221,420.2294722231636
4222,727.7713682322092
4223,3299.316331278335
4224,13450.075859861687
4225,2325.480646213102
4226,7682.355893377816
4227,891.3823764878948
4228,362.3450027469221
4229,362.3450027469221
4230,362.3450027469221
4231,420.2294722231636
4232,420.2294722231636
4233,727.7713682322092
4234,3299.316331278335
4235,7313.93679115415
4236,2325.480646213102
4237,7682.355893377816
4238,891.3823764878948
4239,362.3450027469221
4240,362.3450027469221
4241,362.3450027469221
4242,420.2294722231636
4243,420.2294722231636
4244,727.7713682322092
4245,3545.429567416445
4246,7067.82355501604
4247,8274.081683831866
4248,7682.355893377816
4249,891.3823764878948
4250,362.3450027469221
4251,362.3450027469221
4252,362.3450027469221
4253,420.2294722231636
4254,5181.748652054326
4255,727.7713682322092
4256,3545.429567416445
4257,7067.82355501604
4258,8027.9684476937555
4259,7682.355893377816
4260,891.3823764878948
4261,362.3450027469221
4262,362.3450027469221
4263,362.3450027469221
4264,420.2294722231636
4265,-7702.685347583258
4266,727.7713682322092
4267,3299.316331278335
4268,7067.82355501604
4269,2325.480646213102
4270,7682.355893377816
4271,-4367.080582024175
4272,362.3450027469221
4273,380.11351041322314
4274,851.2664146779543
4275,687.6554064222687
4276,990.9267152433671
4277,3387.4961716223065
4278,3624.4083853229345
4279,1447.525657811003
4280,851.2664146779543
4281,322.2290409369816
4282,322.2290409369816
4283,962.6044831868203
4284,380.11351041322314
4285,18226.171954332473
4286,990.9267152433671
4287,3347.380209812366
4288,1295.0080435220386
4289,1447.525657811003
4290,851.2664146779543
4291,322.2290409369816
4292,322.2290409369816
4293,322.2290409369816
4294,380.11351041322314
4295,380.11351041322314
4296,687.6554064222687
4297,990.9267152433671
4298,3347.380209812366
4299,3624.4083853229345
4300,1891.3391302052903
4301,851.2664146779543
4302,322.2290409369816
4303,7089.866423880271
4304,380.11351041322314
4305,-1793.5741639239052
4306,687.6554064222687
4307,-602.1639361932489
4308,1079.1065555873386
4309,18615.918022608785
4310,10544.158345406033
4311,851.2664146779543
4312,322.2290409369816
4313,322.2290409369816
4314,380.11351041322314
4315,420.2294722231636
4316,687.6554064222687
4317,990.9267152433671
4318,3347.380209812366
4319,1356.1347310979068
4320,1447.525657811003
4321,851.2664146779543
4322,322.2290409369816
4323,6988.990610982052
4324,380.11351041322314
4325,1371.5446506120397
4326,687.6554064222687
4327,990.9267152433671
4328,10304.030611938455
4329,1356.1347310979068
4330,4595.076565647882
4331,851.2664146779543
4332,362.3450027469221
4333,322.2290409369816
4334,322.2290409369816
4335,380.11351041322314
4336,380.11351041322314
4337,687.6554064222687
4338,990.9267152433671
4339,3347.380209812366
4340,3624.4083853229345
4341,1447.525657811003
4342,851.2664146779543
4343,322.2290409369816
4344,322.2290409369816
4345,380.11351041322314
4346,380.11351041322314
4347,12429.771612342267
4348,990.9267152433671
4349,1079.1065555873386
4350,1790.562718406019
4351,3715.799312036031
4352,851.2664146779543
4353,851.2664146779543
4354,322.2290409369816
4355,-184.80107235134182
4356,380.11351041322314
4357,687.6554064222687
4358,1031.0426770533074
4359,1079.1065555873386
4360,4058.8363726310467
4361,1487.6416196209434
4362,851.2664146779543
4363,362.3450027469221
4364,380.11351041322314
4365,380.11351041322314
4366,687.6554064222687
4367,1031.0426770533074
4368,1079.1065555873386
4369,1790.562718406019
4370,3961.912548174141
4371,851.2664146779543
4372,362.3450027469221
4373,362.3450027469221
4374,17659.842675253705
4375,380.11351041322314
4376,687.6554064222687
4377,1079.1065555873386
4378,1079.1065555873386
4379,4058.8363726310467
4380,3961.912548174141
4381,851.2664146779543
4382,322.2290409369816
4383,-5402.114636899091
4384,380.11351041322314
4385,687.6554064222687
4386,-378.958951377718
4387,3347.380209812366
4388,1790.562718406019
4389,1733.7548557590535
4390,851.2664146779543
4391,362.3450027469221
4392,322.2290409369816
4393,380.11351041322314
4394,380.11351041322314
4395,727.7713682322092
4396,1079.1065555873386
4397,3347.380209812366
4398,1830.6786802159595
4399,1693.638893949113
4400,851.2664146779543
4401,-8198.337643521503
4402,380.11351041322314
4403,420.2294722231636
4404,687.6554064222687
4405,3347.380209812366
4406,3387.4961716223065
4407,4058.8363726310467
4408,1693.638893949113
4409,851.2664146779543
4410,322.2290409369816
4411,322.2290409369816
4412,420.2294722231636
4413,380.11351041322314
4414,687.6554064222687
4415,1079.1065555873386
4416,1079.1065555873386
4417,-5013.768124911514
4418,1693.638893949113
4419,851.2664146779543
4420,322.2290409369816
4421,1108.8978399380721
4422,322.2290409369816
4423,380.11351041322314
4424,380.11351041322314
4425,11202.743454326242
4426,912.3931022538226
4427,1119.222517397279
4428,4505.445301390225
4429,3961.912548174141
4430,851.2664146779543
4431,322.2290409369816
4432,851.2664146779543
4433,322.2290409369816
4434,420.2294722231636
4435,380.11351041322314
4436,687.6554064222687
4437,3259.2003694683945
4438,1079.1065555873386
4439,7987.8524858838155
4440,3961.912548174141
4441,891.3823764878948
4442,-10422.974165986097
4443,362.3450027469221
4444,322.2290409369816
4445,380.11351041322314
4446,380.11351041322314
4447,687.6554064222687
4448,-3001.2428960831203
4449,3347.380209812366
4450,2285.3646844031614
4451,3961.912548174141
4452,851.2664146779543
4453,362.3450027469221
4454,322.2290409369816
4455,7891.031364273048
4456,-10533.101122074306
4457,380.11351041322314
4458,687.6554064222687
4459,-2543.7443407069836
4460,1079.1065555873386
4461,8027.9684476937555
4462,1693.638893949113
4463,851.2664146779543
4464,322.2290409369816
4465,322.2290409369816
4466,362.3450027469221
4467,380.11351041322314
4468,380.11351041322314
4469,687.6554064222687
4470,12181.226802200934
4471,1079.1065555873386
4472,2079.367410074993
4473,1693.638893949113
4474,851.2664146779543
4475,322.2290409369816
4476,322.2290409369816
4477,322.2290409369816
4478,380.11351041322314
4479,380.11351041322314
4480,687.6554064222687
4481,990.9267152433671
4482,3347.380209812366
4483,2285.3646844031614
4484,7642.239931567876
4485,851.2664146779543
4486,322.2290409369816
4487,-6927.40762803822
4488,322.2290409369816
4489,380.11351041322314
4490,-4173.7465071379775
4491,687.6554064222687
4492,3180.6667564788495
4493,3347.380209812366
4494,7987.8524858838155
4495,7642.239931567876
4496,851.2664146779543
4497,322.2290409369816
4498,322.2290409369816
4499,322.2290409369816
4500,5363.642622801984
4501,380.11351041322314
4502,687.6554064222687
4503,3259.2003694683945
4504,3347.380209812366
4505,7987.8524858838155
4506,1693.638893949113
4507,851.2664146779543
4508,322.2290409369816
4509,322.2290409369816
4510,322.2290409369816
4511,380.11351041322314
4512,380.11351041322314
4513,687.6554064222687
4514,3259.2003694683945
4515,3593.493445950476
4516,8233.965722021925
4517,7642.239931567876
4518,851.2664146779543
4519,2633.705983861454
4520,6488.6561022465685
4521,322.2290409369816
4522,380.11351041322314
4523,380.11351041322314
4524,687.6554064222687
4525,3259.2003694683945
4526,3347.380209812366
4527,8233.965722021925
4528,7642.239931567876
4529,851.2664146779543
4530,322.2290409369816
4531,322.2290409369816
4532,322.2290409369816
4533,380.11351041322314
4534,380.11351041322314
4535,687.6554064222687
4536,23642.42469542631
4537,3347.380209812366
4538,8233.965722021925
4539,1693.638893949113
4540,851.2664146779543
4541,322.2290409369816
4542,322.2290409369816
4543,322.2290409369816
4544,380.11351041322314
4545,380.11351041322314
4546,687.6554064222687
4547,-11333.392953855406
4548,-2660.0981335517304
4549,2285.3646844031614
4550,1693.638893949113
4551,851.2664146779543
4552,-3320.739391730244
4553,322.2290409369816
4554,322.2290409369816
4555,380.11351041322314
4556,420.2294722231636
4557,687.6554064222687
4558,3259.2003694683945
4559,3347.380209812366
4560,8233.965722021925
4561,1693.638893949113
4562,851.2664146779543
4563,322.2290409369816
4564,322.2290409369816
4565,322.2290409369816
4566,380.11351041322314
4567,380.11351041322314
4568,687.6554064222687
4569,3259.2003694683945
4570,3593.493445950476
4571,8233.965722021925
4572,1733.7548557590535
4573,891.3823764878948
4574,322.2290409369816
4575,322.2290409369816
4576,322.2290409369816
4577,-2959.2812291935684
4578,380.11351041322314
4579,687.6554064222687
4580,3447.3476337716315
4581,7027.7075932061
4582,2285.3646844031614
4583,9425.050066217378
4584,17462.69080828496
4585,322.2290409369816
4586,380.11351041322314
4587,380.11351041322314
4588,687.6554064222687
4589,912.3931022538226
4590,1119.222517397279
4591,1356.1347310979068
4592,-1383.5426517948042
4593,851.2664146779543
4594,322.2290409369816
4595,380.11351041322314
4596,380.11351041322314
4597,687.6554064222687
4598,912.3931022538226
4599,1079.1065555873386
4600,3370.449739095146
4601,1357.867653029615
4602,851.2664146779543
4603,322.2290409369816
4604,380.11351041322314
4605,380.11351041322314
4606,7356.930384001113
4607,912.3931022538226
4608,1079.1065555873386
4609,8321.109283926775
4610,1603.980889167725
4611,851.2664146779543
4612,322.2290409369816
4613,380.11351041322314
4614,380.11351041322314
4615,687.6554064222687
4616,912.3931022538226
4617,1079.1065555873386
4618,1356.1347310979068
4619,1357.867653029615
4620,851.2664146779543
4621,5570.931840011841
4622,380.11351041322314
4623,12169.226647390082
4624,687.6554064222687
4625,912.3931022538226
4626,1079.1065555873386
4627,1356.1347310979068
4628,1603.980889167725
4629,851.2664146779543
4630,322.2290409369816
4631,380.11351041322314
4632,380.11351041322314
4633,727.7713682322092
4634,4660.550506924542
4635,1079.1065555873386
4636,1295.0080435220386
4637,1603.980889167725
4638,851.2664146779543
4639,362.3450027469221
4640,3077.8579228978188
4641,380.11351041322314
4642,687.6554064222687
4643,14079.914692964065
4644,1079.1065555873386
4645,1356.1347310979068
4646,-6566.35274342466
4647,1129.4217043228698
4648,420.2294722231636
4649,380.11351041322314
4650,687.6554064222687
4651,912.3931022538226
4652,1079.1065555873386
4653,1356.1347310979068
4654,1603.980889167725
4655,851.2664146779543
4656,322.2290409369816
4657,380.11351041322314
4658,380.11351041322314
4659,687.6554064222687
4660,912.3931022538226
4661,1079.1065555873386
4662,1356.1347310979068
4663,1603.980889167725
4664,851.2664146779543
4665,322.2290409369816
4666,380.11351041322314
4667,380.11351041322314
4668,687.6554064222687
4669,912.3931022538226
4670,1079.1065555873386
4671,1356.1347310979068
4672,1603.980889167725
4673,851.2664146779543
4674,-7035.756552323284
4675,380.11351041322314
4676,380.11351041322314
4677,4319.643536067204
4678,4404.494824999569
4679,1079.1065555873386
4680,1356.1347310979068
4681,1357.867653029615
4682,-877.7042975991304
4683,380.11351041322314
4684,209.2884434137383
4685,687.6554064222687
4686,990.9267152433671
4687,1079.1065555873386
4688,1356.1347310979068
4689,1357.867653029615
4690,322.2290409369816
4691,27722.581310405938
4692,380.11351041322314
4693,687.6554064222687
4694,990.9267152433671
4695,1079.1065555873386
4696,1356.1347310979068
4697,1357.867653029615
4698,10144.517621504287
4699,362.3450027469221
4700,380.11351041322314
4701,380.11351041322314
4702,687.6554064222687
4703,952.509064063763
4704,1079.1065555873386
4705,1396.2506929078472
4706,1357.867653029615
4707,322.2290409369816
4708,420.2294722231636
4709,420.2294722231636
4710,687.6554064222687
4711,609.4750414272555
4712,1079.1065555873386
4713,1356.1347310979068
4714,1603.980889167725
